episode,duration_s,idle_start_s,idle_end_s,pause_s,n_pauses,short_idle_s,active_s,left_active_s,right_active_s,both_active_s,left_path_rad,right_path_rad,left_reversals,right_reversals,left_grip_events,right_grip_events,idle_s,idle_frac,action_lag_frames
0,25.0333,0.5333,0.0000,3.3000,6,0.4667,20.7333,9.3333,16.6667,5.2667,6.6787,6.8319,10,18,3,4,4.3000,0.1718,3
1,25.0333,0.0000,0.2000,4.5333,8,1.0333,19.2667,8.1000,12.5667,1.4000,4.1279,5.1960,5,9,2,2,5.7667,0.2304,3
2,25.0333,0.0000,0.0000,3.9333,8,0.2333,20.8667,8.9000,14.4333,2.4667,4.5437,6.6956,9,22,5,4,4.1667,0.1664,3
3,25.0333,0.0000,1.3000,7.3333,10,0.9667,15.4333,6.1667,9.2667,0.0000,3.9407,3.1857,5,8,2,4,9.6000,0.3835,3
4,25.0000,0.0000,0.0000,2.1000,4,0.6667,22.2333,8.5667,18.1667,4.5000,5.1761,9.3615,12,24,3,4,2.7667,0.1107,3
5,25.0333,0.0000,0.0000,2.6667,4,0.3000,22.0667,11.4667,18.5667,7.9667,7.2678,8.8267,12,20,4,4,2.9667,0.1185,3
6,25.0000,0.2667,0.0000,1.4667,4,1.1667,22.1000,11.2000,17.0667,6.1667,6.8873,8.1954,10,17,3,4,2.9000,0.1160,3
7,25.0333,0.3667,0.0000,2.5000,5,1.0667,21.1000,9.1333,17.3667,5.4000,5.6097,9.1036,7,25,4,4,3.9333,0.1571,3
8,25.0000,0.0000,0.0000,2.6000,5,0.6000,21.8000,11.5000,17.1333,6.8333,6.9527,9.1907,14,20,4,4,3.2000,0.1280,3
9,25.0000,0.3000,0.0000,1.5000,3,0.4333,22.7667,15.9000,15.5667,8.7000,8.5117,6.6623,18,12,2,3,2.2333,0.0893,3
10,25.0333,0.0000,0.0000,3.9667,8,1.1667,19.9000,8.5667,14.7667,3.4333,3.6182,6.4353,5,14,4,4,5.1333,0.2051,3
11,25.0333,0.0000,0.0000,2.1333,5,1.1333,21.7667,13.3667,13.6667,5.2667,8.1914,5.5408,25,13,5,4,3.2667,0.1305,3
12,14.1667,0.2000,0.2333,6.0000,8,0.7333,7.0000,5.9333,1.8667,0.8000,3.3251,0.6460,4,0,2,0,7.1667,0.5059,3
13,30.0000,1.8000,0.2667,3.3667,7,0.0667,24.5000,16.2000,18.1333,9.8333,8.6934,7.2610,20,11,4,4,5.5000,0.1833,3
14,30.0000,0.5000,0.0000,2.6000,5,0.5667,26.3333,14.8667,19.7667,8.3000,9.1305,10.3158,12,17,2,4,3.6667,0.1222,3
15,30.0333,0.8000,0.0000,3.9667,7,0.4667,24.8000,13.0667,18.0333,6.3000,6.6187,8.7190,8,15,4,4,5.2333,0.1743,3
16,27.9000,0.5667,0.0000,0.7333,2,0.8667,25.7333,16.2333,20.8000,11.3000,9.9674,10.3605,15,19,4,4,2.1667,0.0777,3
17,30.0333,0.7000,0.3667,1.9000,4,1.3667,25.7000,15.4000,19.2000,8.9000,9.6307,8.5590,16,12,4,4,4.3333,0.1443,3
18,30.0000,0.2000,0.0000,2.6000,5,0.9333,26.2667,12.7667,17.3667,3.8667,7.8821,8.1586,13,11,3,4,3.7333,0.1244,3
19,30.0000,0.0000,0.0000,6.1667,9,1.6667,22.1667,7.8333,17.8000,3.4667,5.4087,7.0437,4,10,4,4,7.8333,0.2611,3
20,30.0333,0.6000,0.0333,2.0667,5,0.7000,26.6333,16.5333,17.8667,7.7667,10.9167,8.6455,17,12,4,4,3.4000,0.1132,3
21,30.0000,0.0000,0.6000,3.3667,5,0.8000,25.2333,14.3000,19.3333,8.4000,8.9642,8.1729,12,12,4,4,4.7667,0.1589,3
22,30.0333,0.0000,0.4000,4.5000,8,0.3667,24.7667,13.6000,19.8000,8.6333,7.5279,8.9195,15,21,4,4,5.2667,0.1754,3
23,30.0333,0.6667,0.0000,2.1000,4,0.5333,26.7333,11.0667,22.8000,7.1333,6.0681,11.4723,8,25,3,4,3.3000,0.1099,3
24,30.0333,0.8000,0.4000,5.1667,9,0.7667,22.9000,12.3333,16.0000,5.4333,7.5063,8.6025,14,8,4,4,7.1333,0.2375,3
25,30.0000,0.0000,0.9667,3.6333,6,0.4667,24.9333,6.8667,20.2333,2.1667,4.8429,9.4286,7,12,2,4,5.0667,0.1689,3
26,30.0000,1.0667,1.4667,3.3333,7,0.4333,23.7000,11.9333,17.7000,5.9333,8.9861,9.1890,14,15,4,4,6.3000,0.2100,3
27,30.0000,0.2333,0.3667,3.1333,6,1.4000,24.8667,12.0333,16.5667,3.7333,7.6417,8.1216,7,13,4,4,5.1333,0.1711,3
28,30.0000,0.1667,0.6000,3.2333,4,0.8333,25.1667,11.5667,16.9667,3.3667,6.0661,8.1675,11,13,4,4,4.8333,0.1611,3
29,30.0000,0.0000,0.2333,3.6667,5,1.1333,24.9667,13.1000,16.4000,4.5333,8.6975,9.1739,10,12,4,2,5.0333,0.1678,3
30,30.0000,1.3333,1.0667,3.9667,8,0.5333,23.1000,14.8667,16.5667,8.3333,13.3328,9.5872,21,11,4,4,6.9000,0.2300,3
31,30.0333,0.0000,0.0000,4.2000,7,0.6333,25.2000,11.9667,18.3667,5.1333,10.2033,9.1695,11,10,4,4,4.8333,0.1609,3
32,30.0000,0.0000,0.0000,3.6333,6,0.7333,25.6333,18.5667,15.6000,8.5333,11.2899,8.2904,21,10,4,4,4.3667,0.1456,3
33,30.0333,0.0000,0.0000,3.4333,6,1.0000,25.6000,14.2333,19.6333,8.2667,8.8277,9.0774,10,9,4,2,4.4333,0.1476,3
34,30.0000,1.4667,0.0000,3.2000,6,0.5667,24.7667,11.7667,20.0667,7.0667,7.9674,10.0918,8,10,4,4,5.2333,0.1744,3
35,30.0333,0.7667,0.0000,3.3000,7,0.9667,25.0000,11.7667,20.4000,7.1667,6.4428,10.4605,8,15,4,4,5.0333,0.1676,3
36,30.0333,0.8333,0.0000,4.0667,7,0.8667,24.2667,14.1000,15.4333,5.2667,8.5508,8.6272,9,11,3,4,5.7667,0.1920,3
37,30.0333,1.2667,0.0000,3.3000,6,0.2000,25.2667,12.3333,19.9667,7.0333,10.6524,8.8029,10,13,4,4,4.7667,0.1587,3
38,30.0333,1.9667,0.0000,6.3667,8,0.6667,21.0333,9.6333,14.9333,3.5333,6.3873,8.2826,5,13,3,4,9.0000,0.2997,3
39,30.0000,0.6333,0.1333,5.2667,9,1.2333,22.7333,15.2000,16.6000,9.0667,9.4020,8.0184,13,12,4,4,7.2667,0.2422,3
40,30.0333,0.1667,0.0000,4.3333,7,0.4333,25.1000,11.3000,20.4667,6.6667,7.1742,10.8318,8,17,3,4,4.9333,0.1643,3
41,30.0000,0.8333,0.0000,4.3333,6,0.9000,23.9333,15.1667,15.6667,6.9000,11.8627,6.9395,16,13,4,2,6.0667,0.2022,3
42,30.0000,0.1333,0.0000,5.6667,10,0.6000,23.6000,11.3000,16.2667,3.9667,6.4337,7.1296,8,10,3,4,6.4000,0.2133,3
43,30.0333,0.0000,0.0000,4.1333,8,1.0000,24.9000,11.2000,19.3333,5.6333,9.2467,9.6608,13,17,4,4,5.1333,0.1709,3
44,30.0333,1.1667,0.0000,3.7000,7,1.2333,23.9333,11.3000,19.0000,6.3667,6.8052,9.1633,9,17,4,4,6.1000,0.2031,3
45,30.0000,0.9333,1.7000,4.1667,8,0.5333,22.6667,12.0000,18.0000,7.3333,7.5239,8.1274,7,11,4,4,7.3333,0.2444,3
46,30.0333,0.6667,0.0000,4.6667,9,0.4333,24.2667,10.0000,19.5333,5.2667,6.6283,11.1227,4,20,4,4,5.7667,0.1920,3
47,30.0000,0.0000,0.0000,3.2000,7,1.3667,25.4333,12.9667,18.6000,6.1333,9.3556,8.0580,16,11,4,4,4.5667,0.1522,3
48,30.0333,0.6000,0.0000,4.9667,9,0.7333,23.7333,11.4333,16.8000,4.5000,6.8178,8.0947,12,11,3,4,6.3000,0.2098,3
49,30.0333,1.0000,2.7333,3.3000,6,0.0000,23.0000,13.7000,18.0333,8.7333,8.6289,9.7681,15,9,4,2,7.0333,0.2342,3
50,30.0000,0.8000,0.9000,3.2667,5,1.2333,23.8000,10.2333,18.3333,4.7667,6.2114,8.0975,7,14,4,4,6.2000,0.2067,3
51,30.0000,0.8000,5.0333,2.7000,6,0.8000,20.6667,8.7000,17.4667,5.5000,5.9900,8.3158,5,18,4,4,9.3333,0.3111,3
52,30.0000,0.9667,0.2667,6.2333,10,0.2333,22.3000,9.6333,13.9000,1.2333,5.0727,8.6944,6,14,4,2,7.7000,0.2567,3
53,30.0333,0.7333,0.0000,6.2333,11,0.4333,22.6333,9.3333,13.3000,0.0000,4.1198,7.8068,5,15,3,4,7.4000,0.2464,3
54,30.0000,0.6667,0.5000,3.9000,7,0.9333,24.0000,10.9000,14.3000,1.2000,6.4288,9.0970,5,15,2,4,6.0000,0.2000,3
55,30.0000,1.1000,0.0000,4.8000,7,0.7333,23.3667,10.4000,15.9667,3.0000,5.6459,8.7652,5,16,4,4,6.6333,0.2211,3
56,30.0333,1.0667,0.0000,3.0667,7,1.8333,24.0667,10.8000,13.8000,0.5333,5.3883,7.4177,8,13,2,4,5.9667,0.1987,3
57,30.0333,0.4667,1.6333,2.4667,5,1.2333,24.2333,15.9667,16.3333,8.0667,9.4757,8.5074,13,11,2,4,5.8000,0.1931,3
58,30.0000,0.0000,0.0000,3.4333,8,0.5000,26.0667,14.4000,20.8000,9.1333,8.5318,10.5530,18,13,4,4,3.9333,0.1311,3
59,30.0000,0.4000,0.0000,4.6333,9,0.5667,24.4000,13.6333,17.3667,6.6000,8.0331,9.0646,12,9,4,2,5.6000,0.1867,3
60,30.0333,0.0000,0.0000,3.8667,8,0.8333,25.3333,13.6667,22.6000,10.9333,7.9492,11.5124,8,17,4,2,4.7000,0.1565,3
61,30.0333,0.5000,0.4000,3.2000,7,0.6667,25.2667,11.8333,21.1000,7.6667,7.7826,10.0734,9,15,4,4,4.7667,0.1587,3
62,30.0333,0.6000,0.0000,3.0000,3,0.4000,26.0333,13.4333,19.2333,6.6333,8.9401,10.0825,10,16,4,4,4.0000,0.1332,3
63,30.0333,0.0000,0.0000,5.6333,8,0.3667,24.0333,12.8333,18.2000,7.0000,6.9567,8.7746,6,16,4,4,6.0000,0.1998,3
64,30.0000,0.4333,0.0000,4.5667,8,0.5333,24.4667,9.7667,16.9667,2.2667,7.8024,8.2016,10,14,4,4,5.5333,0.1844,3
65,30.0333,0.6333,0.0000,3.0667,6,0.8000,25.5333,11.7000,20.7333,6.9000,7.5560,10.4783,10,17,4,4,4.5000,0.1498,3
66,30.0000,0.9667,0.0000,4.8333,11,0.0000,24.2000,11.0333,14.7667,1.6000,5.1479,7.9067,9,19,3,4,5.8000,0.1933,3
67,30.0000,1.0667,0.0000,4.6333,8,1.0000,23.3000,7.4333,16.1333,0.2667,3.4679,9.4862,4,14,2,4,6.7000,0.2233,3
68,30.0000,0.3333,0.0000,6.3000,9,1.0667,22.3000,8.6000,13.7000,0.0000,5.2839,8.5596,8,16,3,4,7.7000,0.2567,3
69,30.0000,1.0000,0.0000,7.1333,11,0.0000,21.8667,7.9667,14.2333,0.3333,4.1445,8.4949,5,15,2,4,8.1333,0.2711,3
70,30.0333,0.0000,0.0000,5.0667,9,0.6333,24.3333,8.9333,15.9333,0.5333,6.2856,9.9795,7,22,4,4,5.7000,0.1898,3
71,30.0000,1.2333,0.0000,3.8667,6,0.9000,24.0000,11.5667,15.6333,3.2000,5.8223,9.7745,11,12,3,4,6.0000,0.2000,3
72,30.0000,1.2667,0.0000,4.4000,8,1.5333,22.8000,8.5333,15.5000,1.2333,4.1714,9.4347,5,13,3,2,7.2000,0.2400,3
73,30.0000,0.0000,0.0000,7.5667,12,0.9000,21.5333,5.1000,16.4333,0.0000,2.1100,8.9361,0,12,4,4,8.4667,0.2822,3
74,30.0333,0.0000,0.0000,6.0000,9,1.4667,22.5667,7.7667,15.4000,0.6000,3.3204,8.4654,3,13,5,4,7.4667,0.2486,3
75,30.0333,0.1333,0.6333,4.6667,7,1.4333,23.1667,10.6000,14.7000,2.1333,4.9073,8.8919,7,14,4,4,6.8667,0.2286,3
76,30.0333,0.0000,0.0000,5.0333,9,1.4333,23.5667,7.5667,16.9667,0.9667,4.9363,11.5636,4,17,4,4,6.4667,0.2153,3
77,30.0333,0.8333,0.0000,4.9667,7,0.9333,23.3000,7.4000,17.0667,1.1667,3.4187,9.1997,4,12,3,4,6.7333,0.2242,3
78,30.0000,0.9333,0.0000,5.3667,10,1.7333,21.9667,7.3333,14.9333,0.3000,3.1696,9.2182,3,9,4,2,8.0333,0.2678,3
79,30.0333,0.1333,0.0000,6.4000,12,0.6000,22.9000,6.5333,16.4000,0.0333,2.8780,10.9986,2,18,4,4,7.1333,0.2375,3
80,30.0000,0.0000,0.0000,7.3000,15,0.2000,22.5000,5.5000,17.0000,0.0000,2.0908,8.9447,4,18,2,2,7.5000,0.2500,3
81,30.0333,3.1000,0.2667,5.1000,11,0.9333,20.6333,6.6000,14.5000,0.4667,2.8065,9.6311,3,19,4,4,9.4000,0.3130,3
82,30.0333,0.0000,0.0000,4.9333,10,1.0000,24.1000,7.0333,18.5000,1.4333,3.2332,9.5029,3,19,4,4,5.9333,0.1976,3
83,30.0000,0.1333,0.3333,8.8333,8,0.9667,19.7333,7.9667,13.0000,1.2333,3.7023,7.4071,6,12,4,4,10.2667,0.3422,3
84,30.0333,0.9333,0.0000,5.8333,10,1.0000,22.2667,9.0000,13.5333,0.2667,5.0861,8.8694,11,17,4,4,7.7667,0.2586,3
85,30.0000,0.8000,1.3333,6.4333,12,1.1000,20.3333,9.3667,13.6333,2.6667,4.9822,8.0823,4,12,4,4,9.6667,0.3222,3
86,30.0333,1.5000,0.0000,4.8000,9,0.7333,23.0000,10.4333,15.2333,2.6667,5.0749,9.2566,6,14,4,4,7.0333,0.2342,3
87,30.0000,2.3667,2.3000,2.8667,4,0.9000,21.5667,9.5667,13.6000,1.6000,5.1095,8.6847,6,16,4,4,8.4333,0.2811,3
88,30.0333,0.0000,3.5000,4.5000,9,0.2667,21.7667,8.9000,14.3000,1.4333,5.0676,8.0307,5,6,4,4,8.2667,0.2752,3
89,30.0000,0.0000,0.4667,7.1667,12,0.7667,21.6000,8.8000,14.3000,1.5000,4.3396,7.6081,4,12,2,5,8.4000,0.2800,3
90,30.0000,2.6333,0.0000,4.3000,9,0.9333,22.1333,8.9667,15.7333,2.5667,4.7889,8.5005,4,12,4,4,7.8667,0.2622,3
91,30.0000,3.2333,0.0000,3.8667,9,1.1000,21.8000,9.2667,15.4667,2.9333,4.4781,9.3740,5,11,4,2,8.2000,0.2733,3
92,30.0333,1.2000,0.0000,5.1333,10,0.8000,22.9000,9.1667,15.5333,1.8000,4.7679,10.2829,4,15,4,4,7.1333,0.2375,3
93,30.0333,1.4667,0.0000,5.6333,8,1.1000,21.8333,6.8333,15.1667,0.1667,3.5581,9.0816,6,26,2,4,8.2000,0.2730,3
94,30.0333,0.8333,2.3333,4.9000,8,0.5333,21.4333,8.3667,16.1333,3.0667,4.3717,9.9571,3,10,2,2,8.6000,0.2863,3
95,30.0333,1.5333,1.0333,6.4333,9,0.7000,20.3333,8.3333,14.0333,2.0333,4.5323,7.7359,5,11,4,4,9.7000,0.3230,3
96,30.0000,2.0333,1.2333,3.7000,6,1.2333,21.8000,5.9667,17.9000,2.0667,3.7310,11.8013,2,18,4,4,8.2000,0.2733,3
97,30.0333,1.1333,0.0000,4.8000,7,0.6000,23.5000,8.8333,15.9333,1.2667,3.9161,8.3877,3,10,4,4,6.5333,0.2175,3
98,30.0333,1.1667,0.0000,4.3000,8,1.1000,23.4667,11.1333,13.4000,1.0667,5.5889,8.4457,5,15,4,4,6.5667,0.2186,3
99,30.0333,0.0000,0.0000,8.6000,12,0.0000,21.4333,9.6667,14.9667,3.2000,5.2171,8.6146,4,15,4,4,8.6000,0.2863,3
100,30.0000,2.2667,0.0000,6.5667,10,0.6667,20.5000,7.6333,14.8667,2.0000,3.6036,8.6719,3,12,4,4,9.5000,0.3167,3
101,30.0333,1.7000,0.0000,8.9667,15,0.3667,19.0000,5.5000,14.1667,0.6667,2.8806,7.6514,3,15,3,4,11.0333,0.3674,3
102,30.0000,3.5667,0.0000,3.7333,7,1.0333,21.6667,9.1667,14.3333,1.8333,4.2167,9.5459,6,14,4,4,8.3333,0.2778,3
103,30.0333,0.9667,0.2667,6.4333,9,0.5000,21.8667,8.3667,17.5000,4.0000,4.2102,11.1839,6,15,4,4,8.1667,0.2719,3
104,30.0333,0.0000,0.0000,8.1333,13,1.2000,20.7000,8.7000,14.1000,2.1000,4.4588,7.3046,4,8,4,4,9.3333,0.3108,3
105,30.0000,1.1333,0.3333,7.1000,13,0.2667,21.1667,6.3000,15.4000,0.5333,3.4254,10.1547,3,18,3,4,8.8333,0.2944,3
106,30.0333,1.3667,0.0000,5.5667,10,0.2000,22.9000,5.5000,17.9667,0.5667,2.6066,10.5455,2,23,3,4,7.1333,0.2375,3
107,30.0000,0.9000,0.0000,11.1333,13,0.4667,17.5000,4.6333,12.8667,0.0000,1.8374,6.6262,1,6,2,2,12.5000,0.4167,3
108,30.0333,3.0667,0.0000,6.1333,11,0.2667,20.5667,7.5667,13.9333,0.9333,4.1122,8.0895,6,14,4,4,9.4667,0.3152,3
109,30.0333,1.5667,0.6667,4.4333,7,1.5667,21.8000,8.6667,16.5000,3.3667,3.8678,9.5640,3,11,4,4,8.2333,0.2741,3
110,30.0000,1.7333,0.5000,4.7000,10,0.6667,22.4000,8.6667,15.2667,1.5333,3.9687,10.3348,3,26,4,4,7.6000,0.2533,3
111,30.0000,1.1000,0.0000,5.9333,10,1.1000,21.8667,10.4000,13.9667,2.5000,5.0580,8.7158,8,13,2,4,8.1333,0.2711,3
112,30.0000,0.7667,0.0000,5.4333,11,1.8667,21.9333,8.6333,16.3667,3.0667,4.8469,8.5972,4,15,4,4,8.0667,0.2689,3
113,30.0333,2.2667,0.0000,5.7667,10,0.5000,21.5000,7.2333,15.6667,1.4000,3.5130,7.9915,2,11,4,4,8.5333,0.2841,3
114,30.0333,0.4667,0.0000,7.5000,11,0.7667,21.3000,9.0667,15.6000,3.3667,4.8063,9.8522,5,18,4,4,8.7333,0.2908,3
115,30.0000,0.9333,0.0000,6.7667,9,1.1333,21.1667,8.3333,12.8667,0.0333,4.5978,8.7083,4,9,4,4,8.8333,0.2944,3
116,30.0333,0.8667,0.0000,6.2000,11,0.2000,22.7667,9.4333,16.5000,3.1667,4.3457,10.5978,3,17,4,4,7.2667,0.2420,3
117,30.0333,0.0000,0.0000,6.3333,8,0.9667,22.7333,9.6667,14.4000,1.3333,4.7522,6.7277,8,12,3,4,7.3000,0.2431,3
118,30.0000,0.0000,0.0000,5.6333,9,2.3333,22.0333,7.0000,15.0333,0.0000,2.9803,7.5611,2,14,3,4,7.9667,0.2656,3
119,30.0333,2.4667,0.0000,5.1667,11,0.9000,21.5000,8.9000,14.5333,1.9333,5.0304,8.1569,10,19,4,4,8.5333,0.2841,4
120,30.0333,1.4667,0.2333,4.1333,8,0.7000,23.5000,11.3667,15.3667,3.2333,5.8574,10.6946,4,17,4,4,6.5333,0.2175,3
121,30.0000,1.2000,0.0000,5.0333,12,0.9000,22.8667,10.2000,16.0333,3.3667,5.5445,8.9528,7,10,4,4,7.1333,0.2378,3
122,30.0000,1.1333,0.1000,4.4667,8,1.1333,23.1667,7.9000,18.1333,2.8667,4.0224,10.6477,7,16,4,4,6.8333,0.2278,3
123,30.0333,0.1667,0.0000,6.6667,11,0.4667,22.7333,9.5333,16.9000,3.7000,5.0583,10.6301,4,14,4,4,7.3000,0.2431,3
124,30.0000,1.8333,0.0000,4.1667,8,0.8000,23.2000,9.2333,16.8000,2.8333,4.8905,9.8613,4,12,4,4,6.8000,0.2267,3
125,30.0000,1.1667,0.0000,4.5333,10,0.2667,24.0333,9.5667,18.3000,3.8333,4.7352,10.0742,5,11,4,4,5.9667,0.1989,3
126,30.0000,0.0000,0.0000,6.0333,12,0.6333,23.3333,5.9667,17.5667,0.2000,3.1189,8.5229,3,20,3,4,6.6667,0.2222,4
127,30.0333,0.0000,0.0000,5.9667,9,0.7667,23.3000,10.0667,16.6000,3.3667,5.6135,11.3309,6,18,4,4,6.7333,0.2242,3
128,30.0000,1.8667,0.0000,5.7333,10,0.4000,22.0000,6.6000,15.6667,0.2667,3.2409,8.0930,1,18,3,4,8.0000,0.2667,3
129,30.0333,1.0000,0.0000,8.0333,14,0.4667,20.5333,4.2000,16.3333,0.0000,2.4636,8.4951,1,12,2,3,9.5000,0.3163,4
130,30.0000,1.0000,0.0000,8.8333,14,0.6333,19.5333,0.1667,19.5333,0.1667,0.3134,10.7978,0,28,0,5,10.4667,0.3489,3
131,30.0000,1.8333,0.0000,4.6000,9,1.3333,22.2333,7.9000,17.4333,3.1000,5.3257,10.8146,6,18,4,4,7.7667,0.2589,3
132,30.0333,0.8333,0.0000,4.8000,8,1.6667,22.7333,9.5000,15.9667,2.7333,5.6740,11.5587,4,16,4,4,7.3000,0.2431,3
133,30.0000,1.4667,0.0000,3.5667,8,1.1667,23.8000,8.0333,16.4333,0.6667,4.1309,9.6765,4,12,3,3,6.2000,0.2067,3
134,30.0333,3.7333,0.0000,4.4667,9,1.2667,20.5667,5.7667,15.0667,0.2667,2.5341,7.8527,1,16,2,4,9.4667,0.3152,3
135,30.0000,0.0000,1.0333,6.1000,11,0.5000,22.3667,9.7667,16.0667,3.4667,4.7960,9.7045,4,13,4,4,7.6333,0.2544,3
136,30.0333,1.1333,0.0000,8.0667,9,1.1333,19.7000,8.8000,11.1333,0.2333,4.8547,5.4891,8,7,2,2,10.3333,0.3441,3
137,30.0333,0.0000,0.0000,4.9000,9,0.8667,24.2667,8.2333,17.0333,1.0000,3.5000,10.8888,5,20,3,4,5.7667,0.1920,3
138,24.8000,0.8333,3.9333,11.4333,12,0.7333,7.8667,7.8667,0.0000,0.0000,3.8749,0.3695,5,0,1,0,16.9333,0.6828,3
139,30.0000,1.0667,0.0000,4.3333,8,0.6333,23.9667,7.7333,17.9333,1.7000,3.4150,10.7253,3,19,4,4,6.0333,0.2011,3
140,30.0000,1.3000,1.0333,5.2000,10,0.7000,21.7667,8.4667,16.3333,3.0333,3.9403,11.9437,3,16,4,4,8.2333,0.2744,3
141,30.0000,1.3333,0.0000,3.8667,8,1.3333,23.4667,8.8000,17.7667,3.1000,4.3783,11.9082,4,17,4,4,6.5333,0.2178,3
142,30.0000,1.5000,1.2000,4.1000,10,0.8667,22.3333,9.2000,15.8000,2.6667,5.1197,10.9219,4,18,4,4,7.6667,0.2556,3
143,30.0333,0.7333,0.0000,4.3333,7,1.3333,23.6333,9.8000,17.1000,3.2667,4.4087,11.5806,6,16,4,4,6.4000,0.2131,3
144,30.0333,0.0000,0.0000,6.1000,10,0.2667,23.6667,9.3000,14.5333,0.1667,4.8123,10.2645,6,11,4,4,6.3667,0.2120,3
145,30.0333,1.9333,0.0000,6.8000,12,0.9000,20.4000,7.4333,15.8333,2.8667,4.0685,11.3182,5,18,4,4,9.6333,0.3208,3
146,30.0333,0.7333,0.0000,4.0000,5,1.2333,24.0667,8.1000,18.7000,2.7333,4.6044,12.0697,2,17,4,4,5.9667,0.1987,3
147,30.0333,1.5667,0.0000,3.8667,7,0.9667,23.6333,9.7000,14.2000,0.2667,5.9243,11.0252,7,20,4,4,6.4000,0.2131,3
148,30.0333,0.3667,0.5333,3.5667,8,0.5000,25.0667,11.2333,18.1000,4.2667,5.9773,12.9580,6,22,4,4,4.9667,0.1654,3
149,30.0333,1.3000,0.0000,3.6667,8,0.6333,24.4333,10.0333,17.2667,2.8667,4.8955,11.6709,5,23,4,4,5.6000,0.1865,3
150,30.0000,1.2000,0.1000,3.8667,7,1.3333,23.5000,7.8000,15.7000,0.0000,5.3818,11.3527,6,15,4,4,6.5000,0.2167,3
151,30.0000,0.8667,0.4000,3.2333,5,0.5667,24.9333,9.6000,18.1667,2.8333,5.5991,14.6320,3,27,4,4,5.0667,0.1689,3
152,30.0333,0.0667,2.5333,4.8667,8,0.8000,21.7667,11.0000,14.9667,4.2000,6.0419,11.6115,7,15,4,4,8.2667,0.2752,3
153,30.0000,1.1000,0.5333,5.0667,9,0.9000,22.4000,10.2000,15.7333,3.5333,5.8913,11.3310,6,22,4,4,7.6000,0.2533,3
154,30.0333,1.3667,0.0000,5.1000,11,0.7667,22.8000,8.8000,16.4667,2.4667,4.0442,12.3085,3,18,4,4,7.2333,0.2408,3
155,30.0333,0.0000,0.8333,7.2000,11,0.2000,21.8000,7.4333,15.9000,1.5333,3.7258,11.1534,4,28,4,2,8.2333,0.2741,3
156,30.0333,0.8000,0.0000,4.5000,7,1.3667,23.3667,9.9000,17.3333,3.8667,3.8963,12.3718,4,17,4,4,6.6667,0.2220,3
157,30.0000,1.6333,0.0000,3.2000,7,1.0000,24.1667,10.5333,18.0333,4.4000,5.5280,14.1724,10,17,4,4,5.8333,0.1944,3
158,30.0333,1.2000,0.9667,3.5000,7,1.3667,23.0000,11.8333,15.7000,4.5333,6.4957,12.6694,5,13,4,4,7.0333,0.2342,3
159,40.0333,0.8000,0.0000,4.9667,11,0.4333,33.8333,6.1000,30.1000,2.3667,3.1438,17.7104,3,31,2,8,6.2000,0.1549,2
160,40.0000,0.0000,0.0000,6.2000,10,1.9333,31.8667,7.5333,27.1000,2.7667,4.1983,15.0645,4,32,4,8,8.1333,0.2033,2
161,40.0000,1.0000,0.0000,5.7333,11,0.7333,32.5333,5.5667,28.1667,1.2000,3.6497,18.3067,3,46,4,8,7.4667,0.1867,2
162,40.0333,1.1000,0.9333,2.0000,6,1.5667,34.4333,7.1667,29.0000,1.7333,4.6088,19.0603,3,41,4,8,5.6000,0.1399,3
163,40.0333,0.7667,0.0000,4.0333,9,1.3667,33.8667,9.5000,27.4667,3.1000,5.2740,19.7679,3,42,4,8,6.1667,0.1540,3
164,40.0333,0.0000,0.0000,2.9333,6,1.0667,36.0333,7.4000,31.1000,2.4667,3.5349,23.4594,6,52,4,8,4.0000,0.0999,2
165,40.0000,1.4667,1.8667,5.9667,12,1.3000,29.4000,8.9333,22.8667,2.4000,5.4105,14.5516,4,40,4,6,10.6000,0.2650,2
166,40.0000,1.8667,0.0000,4.8000,12,1.0333,32.3000,5.8667,26.7000,0.2667,3.8262,16.0495,5,31,2,6,7.7000,0.1925,2
167,40.0333,0.4000,0.2000,2.6667,6,1.8000,34.9667,8.1000,29.4667,2.6000,4.6623,20.8082,9,47,3,6,5.0667,0.1266,3
168,40.0000,0.5667,0.6333,4.9667,11,1.3333,32.5000,4.7333,28.4333,0.6667,3.1254,16.9687,1,41,2,2,7.5000,0.1875,2
169,40.0000,0.0000,3.2667,5.4000,10,0.8667,30.4667,8.8000,25.4667,3.8000,5.0467,14.7683,3,34,4,6,9.5333,0.2383,2
170,40.0000,1.0333,0.0000,3.9333,8,1.2333,33.8000,10.7000,28.0000,4.9000,5.7476,17.4294,3,47,4,8,6.2000,0.1550,2
171,40.0000,0.0000,0.0000,5.7333,10,1.1667,33.1000,8.4000,26.0333,1.3333,5.5113,19.5158,6,44,4,6,6.9000,0.1725,2
172,40.0000,1.1333,0.0000,2.5333,5,0.5667,35.7667,8.3000,30.1333,2.6667,4.9932,19.9915,4,39,4,6,4.2333,0.1058,2
173,40.0000,1.4000,1.2667,3.5333,9,1.1667,32.6333,8.4667,28.5333,4.3667,5.8584,18.1450,3,43,4,6,7.3667,0.1842,2
174,40.0333,1.7667,0.0000,4.4333,10,1.4667,32.3667,9.8000,25.4667,2.9000,6.1444,16.6110,4,39,4,6,7.6667,0.1915,2
175,40.0000,0.3667,1.7000,4.8667,9,1.9000,31.1667,8.6000,27.2667,4.7000,5.5958,20.0566,3,43,4,6,8.8333,0.2208,2
176,40.0000,1.1333,0.2333,6.9000,11,1.0667,30.6667,9.7000,24.1333,3.1667,5.8129,14.4171,4,25,4,6,9.3333,0.2333,2
177,40.0000,0.8667,3.8000,1.7667,5,1.6333,31.9333,9.2667,25.1667,2.5000,5.3533,16.7520,3,38,4,6,8.0667,0.2017,2
178,40.0000,1.2667,0.0000,1.1333,3,1.5000,36.1000,8.8333,31.6333,4.3667,5.4851,20.5153,4,49,4,6,3.9000,0.0975,2
179,40.0333,0.1333,0.9667,4.1000,8,0.9333,33.9000,11.7667,26.5333,4.4000,6.1923,16.5194,6,33,4,6,6.1333,0.1532,2
180,40.0000,1.4000,0.0000,4.0333,7,2.2000,32.3667,7.2667,27.6667,2.5667,4.0409,18.7767,2,35,2,6,7.6333,0.1908,2
181,40.0000,0.0000,0.0000,4.0667,10,1.4000,34.5333,8.1333,29.0000,2.6000,4.7423,17.2358,8,43,4,6,5.4667,0.1367,2
182,40.0000,0.4667,0.5000,7.2333,11,0.7000,31.1000,8.1000,25.6333,2.6333,4.9255,17.1866,8,34,2,4,8.9000,0.2225,2
183,40.0000,0.5667,0.0000,6.3000,10,0.7667,32.3667,6.7333,26.5667,0.9333,3.0326,13.8553,1,25,3,6,7.6333,0.1908,3
184,40.0000,2.0667,0.0000,4.8000,11,1.4333,31.7000,7.8667,26.1000,2.2667,4.0369,16.0919,2,33,4,6,8.3000,0.2075,3
185,40.0000,1.7000,0.0000,4.2333,10,0.1667,33.9000,7.9000,29.7667,3.7667,4.7958,19.7513,3,44,4,6,6.1000,0.1525,3
186,40.0333,0.0000,0.0000,6.0333,10,1.2000,32.8000,7.8333,27.3333,2.3667,4.0874,18.1967,3,39,4,5,7.2333,0.1807,3
187,40.0000,0.0000,0.1667,5.5333,11,0.9000,33.4000,8.6333,27.5667,2.8000,5.1386,17.8853,4,39,4,6,6.6000,0.1650,3
188,40.0000,1.1000,0.3333,4.8000,9,0.8667,32.9000,9.4000,27.2000,3.7000,5.9521,16.1736,4,32,4,6,7.1000,0.1775,3
189,40.0000,0.6000,0.0000,3.9333,8,1.0000,34.4667,9.9333,27.1000,2.5667,4.7448,19.4260,6,34,4,6,5.5333,0.1383,3
190,40.0000,1.0333,0.0000,6.1333,10,0.8667,31.9667,6.2000,27.4000,1.6333,4.2043,15.3518,3,41,3,7,8.0333,0.2008,3
191,40.0000,0.0000,0.5333,2.5000,6,1.4667,35.5000,10.8667,29.7333,5.1000,6.1790,16.8545,6,38,2,6,4.5000,0.1125,3
192,40.0000,0.0000,0.0000,7.8000,12,0.7000,31.5000,8.9333,24.7333,2.1667,4.6838,15.3561,5,38,3,5,8.5000,0.2125,3
193,40.0000,0.0000,0.0000,4.3667,9,1.5333,34.1000,7.7333,29.1667,2.8000,4.9502,18.7003,3,48,4,5,5.9000,0.1475,3
194,40.0000,0.0000,3.8667,4.1667,7,1.7333,30.2333,9.2667,25.4333,4.4667,5.7434,15.6945,3,30,4,4,9.7667,0.2442,3
195,40.0000,1.3000,0.0000,2.1333,5,1.1667,35.4000,9.3667,30.1000,4.0667,6.0973,18.5398,5,34,4,6,4.6000,0.1150,3
196,40.0000,4.1333,1.0333,2.2667,5,1.3000,31.2667,9.4667,25.8333,4.0333,6.6233,17.3124,9,33,4,6,8.7333,0.2183,3
197,40.0000,2.3333,3.2667,2.4333,5,1.6667,30.3000,9.3333,26.8000,5.8333,5.8642,18.9507,3,35,4,6,9.7000,0.2425,3
198,40.0000,1.6000,2.8333,2.5333,5,1.3667,31.6667,10.7000,26.6000,5.6333,5.9417,17.8579,4,39,4,6,8.3333,0.2083,3
199,40.0333,1.0667,0.0000,3.9333,7,1.1000,33.9333,7.9000,28.8333,2.8000,4.3794,15.5888,6,35,4,6,6.1000,0.1524,3
200,40.0000,0.5667,1.7667,2.9000,7,1.3000,33.4667,9.8333,27.2333,3.6000,5.2442,17.2435,5,34,4,6,6.5333,0.1633,3
