episode,orig_s,trimmed_s,new_s,speedup,n_segments,n_pauses,retimed_frac,vel_ratio_max,acc_ratio_max,vel_ratio_p99,acc_ratio_p99,demo_vel_ratio_max,demo_acc_ratio_max
0,40.0000,40.0000,32.2667,1.2397,16,15,0.9256,1.1669,1.6853,0.7655,0.6464,1.6223,2.2945
1,40.0000,39.1333,31.4667,1.2712,19,18,0.5487,1.0784,1.5703,0.6578,0.5926,2.6772,2.4320
2,40.0000,40.0000,33.8000,1.1834,13,12,0.5099,1.1161,1.4246,0.6734,0.6260,2.4728,2.2790
3,40.0333,39.2333,31.8667,1.2563,15,14,0.9268,1.3902,1.8866,0.6662,0.6826,1.5782,2.1434
4,40.0333,39.0667,30.8333,1.2984,23,22,0.6054,1.0800,1.3732,0.5898,0.5923,2.2087,2.8619
5,40.0000,39.7000,32.9333,1.2146,18,17,0.7389,1.2986,1.4333,0.7143,0.6359,1.5517,1.6600
6,40.0000,39.4333,30.9333,1.2931,20,19,0.6746,1.0412,1.3512,0.6315,0.6016,2.1422,2.6465
7,40.0333,38.6667,30.7667,1.3012,13,12,0.6143,1.0944,1.0239,0.6859,0.6007,1.9501,2.0371
8,40.0000,39.1333,29.3667,1.3621,18,17,0.6776,1.0230,0.9464,0.6538,0.6020,1.5448,1.7440
9,40.0000,40.0000,31.3333,1.2766,20,19,0.7649,1.0708,0.9407,0.6280,0.6265,2.1924,2.1228
10,40.0333,40.0000,31.2667,1.2804,15,14,0.8412,1.1609,1.4126,0.7206,0.6336,2.3941,3.6495
11,40.0333,39.2000,31.0333,1.2900,19,18,0.6702,1.0230,1.3750,0.5970,0.6154,3.8538,5.1982
12,40.0000,39.0333,32.5333,1.2295,21,20,0.6496,1.0752,1.5968,0.6871,0.6522,2.2598,2.3766
13,40.0000,35.7667,28.0333,1.4269,17,16,0.8811,1.2285,1.7323,0.6322,0.6247,1.5664,2.5048
14,40.0333,40.0333,33.2000,1.2058,19,18,0.7600,1.0357,1.2860,0.6358,0.6223,2.1042,3.1738
15,40.0333,40.0333,30.5333,1.3111,23,22,0.7729,1.5317,2.0420,0.6328,0.6536,1.6690,2.7773
16,40.0333,39.1667,33.2333,1.2046,15,14,0.8937,1.0589,1.5026,0.7126,0.7023,1.5182,2.2463
17,40.0000,39.1667,31.4667,1.2712,14,13,0.8305,1.1262,1.6544,0.6746,0.6463,1.8040,2.0824
18,40.0000,39.4667,31.7000,1.2618,18,17,0.6120,1.0555,1.4255,0.6908,0.6386,2.0325,2.5280
19,40.0333,38.3000,32.7000,1.2243,13,12,0.6188,1.0675,1.4784,0.6592,0.6135,2.3223,2.6720
20,40.0000,39.3667,34.1000,1.1730,11,10,0.6295,1.0854,1.1322,0.6429,0.6298,1.5309,2.3038
21,40.0333,36.7000,30.5667,1.3097,10,9,0.9858,1.3149,1.5635,0.7548,0.6738,1.8805,2.2018
22,40.0000,40.0000,34.1000,1.1730,12,11,0.7869,1.2255,1.6928,0.5888,0.6460,1.5455,2.4613
23,40.0333,40.0333,33.8000,1.1844,9,8,0.7535,1.1192,1.7414,0.7293,0.6645,2.2004,3.0832
24,40.0000,40.0000,34.7333,1.1516,13,12,0.5576,1.0299,1.5110,0.6408,0.6368,3.2147,2.3229
25,40.0333,38.7667,33.2000,1.2058,6,5,0.7008,1.1301,1.3340,0.7473,0.6662,1.5600,2.0223
26,40.0333,37.5000,30.8667,1.2970,10,9,0.7171,1.0949,1.3262,0.6848,0.6437,2.2689,2.5592
27,40.0000,39.9000,35.2000,1.1364,11,10,0.3447,1.0910,1.0410,0.7010,0.6011,4.7115,3.0364
28,40.0000,36.4667,32.3333,1.2371,12,11,0.6371,1.1127,1.2748,0.7383,0.6631,2.6525,2.6822
29,40.0333,32.6667,27.7333,1.4435,12,11,0.5649,0.9507,1.3901,0.6090,0.6297,2.0803,2.9998
30,40.0333,38.3667,31.8667,1.2563,14,13,0.5722,1.0592,1.0296,0.6839,0.6081,3.1594,2.4095
31,40.0000,39.5000,32.9333,1.2146,17,16,0.8492,1.1591,1.4804,0.7708,0.6662,5.5887,3.5562
32,40.0333,39.0000,34.1667,1.1717,11,10,0.5093,1.3682,1.8466,0.7152,0.6842,3.1432,3.6732
33,40.0333,37.9667,29.8333,1.3419,13,12,0.9263,1.0279,1.4204,0.6930,0.6725,1.2041,1.8311
34,40.0333,39.2333,34.1333,1.1729,12,11,0.3691,1.0158,1.4420,0.6111,0.6328,5.9420,5.5627
35,40.0000,39.3333,32.5000,1.2308,13,12,0.7159,1.0482,1.3665,0.7201,0.6780,2.2627,2.7145
36,40.0333,40.0333,33.7333,1.1868,15,14,0.7549,1.2452,1.6831,0.7333,0.6587,2.4720,3.9066
37,40.0000,32.7333,27.5000,1.4545,9,8,0.8885,1.1139,1.7311,0.7248,0.6539,1.3768,2.0339
38,40.0333,39.4333,29.5000,1.3571,16,15,0.6407,1.0379,1.3304,0.6015,0.5983,2.3002,2.6701
39,40.0000,38.2333,30.7667,1.3001,12,11,0.6847,1.2739,1.6349,0.7142,0.6282,3.7769,4.4744
40,40.0333,34.9667,28.9000,1.3852,9,8,0.5063,1.0662,1.3724,0.6497,0.5980,3.0175,4.0363
41,40.0333,39.4000,26.4000,1.5164,8,7,0.8548,1.2942,1.7620,0.7005,0.6868,1.4788,2.5625
42,40.0000,39.9000,31.3000,1.2780,16,15,0.7316,1.0160,1.3624,0.7169,0.5981,1.5264,1.9563
43,40.0333,39.4333,33.0333,1.2119,13,12,0.8224,1.2093,1.7061,0.6841,0.6619,1.5083,2.1689
44,40.0000,38.3333,32.9000,1.2158,9,8,0.9027,1.4265,1.9736,0.6773,0.6473,1.8429,2.6684
45,40.0333,39.8000,33.9000,1.1809,9,8,0.9980,1.3827,1.5345,0.7160,0.6859,2.1614,2.4135
46,40.0333,40.0333,33.0667,1.2107,18,17,0.6210,1.1156,1.1358,0.6068,0.6231,6.7388,4.2025
47,40.0333,40.0333,37.1667,1.0771,8,7,0.7300,1.3356,1.7984,0.7272,0.6640,2.3848,3.0591
48,40.0000,40.0000,35.8667,1.1152,7,6,0.8885,1.2248,1.6957,0.7278,0.6887,1.7311,2.1535
49,40.0333,40.0333,34.1000,1.1740,11,10,0.7087,1.1956,1.6698,0.6712,0.6967,8.2967,4.4275
50,40.0333,39.7333,36.4667,1.0978,9,8,0.5814,1.5708,1.8580,0.7705,0.6805,2.0422,2.9308
51,40.0333,40.0333,37.1333,1.0781,9,8,0.1544,0.9464,0.9046,0.6101,0.5890,2.4492,2.3173
52,40.0000,39.2667,35.5000,1.1268,10,9,0.3493,1.0421,0.9366,0.7496,0.5735,7.4864,5.3456
53,40.0000,39.5667,33.5000,1.1940,16,15,0.4915,1.5321,1.7371,0.6802,0.6379,3.4895,3.9688
54,40.0333,40.0333,36.2333,1.1049,14,13,0.3220,1.0569,1.0749,0.6570,0.5938,12.4387,9.7827
55,40.0333,39.7667,34.1333,1.1729,15,14,0.7129,1.5788,1.5998,0.7185,0.6557,3.1240,4.1715
56,40.0333,38.4333,33.6000,1.1915,14,13,0.7262,1.1008,1.7234,0.6562,0.6562,1.7732,1.8734
57,40.0000,39.4000,29.9333,1.3363,21,20,0.4053,1.0063,1.1048,0.5378,0.5680,2.0382,2.7416
58,40.0000,34.6000,30.8000,1.2987,12,11,0.4188,1.0095,1.1724,0.6980,0.6602,1.7970,2.1723
59,40.0333,39.9333,34.4667,1.1615,12,11,0.8646,1.4044,1.5788,0.6849,0.7109,3.6520,4.5441
60,40.0000,38.8333,31.6333,1.2645,17,16,0.7429,1.0667,1.3903,0.7017,0.6173,1.7708,2.4747
61,40.0333,40.0333,31.5667,1.2682,14,13,0.8437,1.5563,1.8052,0.6962,0.6894,1.9772,2.6272
62,40.0000,39.6667,35.4667,1.1278,9,8,0.3252,0.8390,1.1713,0.4363,0.5819,3.4418,2.6020
63,40.0000,38.6667,30.7667,1.3001,13,12,0.8332,1.0872,1.3446,0.7571,0.6381,4.6281,2.3521
64,40.0000,39.5000,34.2333,1.1685,12,11,0.8033,1.4493,1.4575,0.6998,0.6414,3.2205,3.1162
65,40.0000,38.3000,32.4667,1.2320,18,17,0.7413,1.0713,1.0496,0.7753,0.6244,2.1195,1.5887
66,40.0333,38.0333,30.0000,1.3344,16,15,0.8433,1.1342,0.9903,0.7269,0.6017,2.6279,2.0044
67,40.0000,39.7333,34.2333,1.1685,15,14,0.6602,1.0560,1.0284,0.7544,0.6185,2.6760,2.3571
68,40.0333,39.3333,34.7333,1.1526,11,10,0.6775,1.0694,1.0502,0.7369,0.6277,1.7514,2.2254
69,40.0333,38.9333,35.3333,1.1330,8,7,0.7972,1.1600,1.5841,0.8134,0.6570,1.8492,2.1520
70,40.0000,39.4333,33.6667,1.1881,14,13,0.6436,1.0253,1.1568,0.7501,0.6360,1.7968,2.7118
71,40.0333,39.3333,31.4667,1.2722,13,12,0.8602,1.0174,1.1436,0.6883,0.6187,2.2574,2.1241
72,40.0000,39.4000,33.9000,1.1799,11,10,0.9027,1.1337,1.5491,0.7752,0.6694,5.1324,2.9654
73,40.0333,40.0333,37.3667,1.0714,10,9,0.1802,0.9960,0.8379,0.6618,0.5441,7.3250,3.6131
74,40.0000,38.8667,36.7000,1.0899,8,7,0.0872,1.0058,0.8494,0.2913,0.4274,6.7510,3.8955
75,40.0333,38.3333,36.5333,1.0958,7,6,0.1068,0.4055,0.6821,0.2242,0.3721,8.6713,7.1828
76,40.0333,38.4667,33.5333,1.1938,11,10,0.3956,1.2892,0.9374,0.6514,0.5692,5.8116,3.2415
77,40.0000,40.0000,36.2333,1.1040,11,10,0.5409,1.2053,1.4721,0.6833,0.6552,4.4937,2.9864
78,40.0000,37.4667,31.8667,1.2552,10,9,0.8619,1.2758,1.3568,0.7280,0.6345,2.4310,2.7702
79,40.0333,40.0333,36.9333,1.0839,8,7,0.0912,0.6603,1.5004,0.4088,0.4292,5.5533,3.1853
80,40.0333,39.7333,34.8000,1.1504,11,10,0.6849,1.3373,1.7710,0.6969,0.6435,2.5637,2.4414
81,40.0333,39.7667,34.5333,1.1593,12,11,0.4035,1.0018,0.9033,0.6379,0.6174,2.8448,3.3787
82,40.0000,39.9000,36.8667,1.0850,9,8,0.3318,1.1771,1.0383,0.7340,0.6221,3.9570,3.7602
83,40.0333,40.0333,35.8000,1.1182,10,9,0.1890,0.8319,0.9013,0.4835,0.5346,5.2232,4.2988
84,40.0333,40.0333,38.9333,1.0283,6,5,0.0334,0.1586,0.7767,0.0851,0.3096,6.2144,3.6772
85,40.0000,39.3333,36.5000,1.0959,9,8,0.6064,1.1739,1.2232,0.8343,0.6805,6.2220,3.7492
86,40.0333,39.8333,37.6333,1.0638,7,6,0.2002,0.9860,1.0977,0.7254,0.6409,4.3135,2.7623
87,40.0333,40.0333,33.9000,1.1809,14,13,0.6745,1.0478,0.9680,0.8273,0.6183,2.7766,2.5649
88,40.0333,39.0333,35.1333,1.1395,9,8,0.7049,1.0926,1.1135,0.7905,0.6321,1.9636,2.2119
89,40.0000,40.0000,36.1333,1.1070,7,6,0.5664,1.1324,0.9680,0.8005,0.6421,5.6722,2.9162
90,40.0333,39.9000,35.8333,1.1172,14,13,0.4140,1.2486,1.4331,0.7209,0.6485,3.8564,2.9763
91,40.0000,39.9000,35.3000,1.1331,13,12,0.5656,1.2450,1.7018,0.7359,0.6686,3.2744,3.2282
92,40.0000,39.1333,35.1333,1.1385,13,12,0.3634,1.0963,0.8502,0.5993,0.6105,2.6537,2.3061
93,40.0000,39.4333,32.2333,1.2410,16,15,0.8097,1.1338,1.6773,0.7930,0.6511,1.9991,2.1951
94,40.0333,40.0333,33.6667,1.1891,13,12,0.6000,1.1315,1.1225,0.7364,0.6078,4.8518,3.1529
95,40.0333,40.0333,33.2000,1.2058,14,13,0.4779,1.0331,0.9345,0.7190,0.6106,2.5099,2.3818
96,40.0333,38.6667,31.8000,1.2589,16,15,0.4434,1.1475,1.5259,0.6409,0.5853,1.8663,2.2756
97,40.0333,39.2667,35.0000,1.1438,14,13,0.5038,1.1005,0.9894,0.7323,0.6165,2.7463,2.4763
98,40.0333,39.2000,34.1333,1.1729,11,10,0.7246,1.2411,1.0412,0.8127,0.6155,3.4238,2.2310
99,40.0000,36.8667,33.8333,1.1823,6,5,0.7931,1.1580,1.0965,0.8206,0.6555,2.4062,2.0959
100,40.0333,40.0333,38.3333,1.0443,9,8,0.2200,1.1059,0.9854,0.6324,0.5813,6.4021,3.4801
101,40.0333,39.2333,37.8000,1.0591,8,7,0.1764,0.9695,0.8895,0.5979,0.6286,3.2504,4.4082
102,40.0333,39.8000,38.7000,1.0345,5,4,0.1447,1.1503,0.9593,0.8183,0.6103,5.6459,3.2563
103,40.0000,39.3000,35.1667,1.1374,10,9,0.3318,1.0370,0.9180,0.6057,0.6210,5.0966,3.3296
104,40.0333,39.8667,37.5000,1.0676,7,6,0.2258,1.1759,0.7969,0.8958,0.5141,2.6541,2.2900
105,40.0000,39.0667,35.5667,1.1246,9,8,0.5595,1.1867,0.8963,0.7618,0.6353,6.4268,3.4715
106,40.0333,40.0333,38.7333,1.0336,6,5,0.2565,1.2358,1.6436,0.9556,0.5749,6.3761,3.6112
107,40.0000,39.8000,34.8667,1.1472,8,7,0.5746,1.1129,0.9775,0.7527,0.6375,2.0094,2.9736
108,40.0333,39.6333,37.9333,1.0554,4,3,0.3128,1.0703,0.9538,0.6591,0.6544,3.0244,3.8262
109,40.0333,40.0333,38.6000,1.0371,6,5,0.0440,0.2783,0.3207,0.1421,0.2412,9.8037,8.1177
110,40.0333,39.3667,34.8000,1.1504,11,10,0.7069,1.1480,1.3999,0.7447,0.6386,2.5537,2.1798
111,40.0333,38.0667,35.4000,1.1309,6,5,0.2100,1.0136,0.9179,0.7098,0.6360,2.2960,2.4472
112,40.0000,38.6667,34.9333,1.1450,10,9,0.3674,1.0365,0.9125,0.7537,0.6064,2.3938,2.0237
113,40.0333,38.8333,31.9000,1.2550,17,16,0.4953,1.0080,0.9391,0.6963,0.6280,5.7912,5.6937
114,40.0333,40.0333,36.0333,1.1110,13,12,0.3154,1.1021,1.4131,0.6616,0.6175,2.2688,2.2249
115,40.0333,40.0333,34.1000,1.1740,12,11,0.8974,1.1848,1.3652,0.7912,0.6587,1.9366,2.0239
116,40.0333,40.0333,36.9333,1.0839,9,8,0.7175,1.1386,1.0498,0.8664,0.6533,2.8491,4.1578
117,40.0000,38.1333,35.3333,1.1321,6,5,0.6255,1.0572,1.0324,0.8017,0.6492,2.7488,2.3805
118,40.0000,39.9333,37.2333,1.0743,7,6,0.7825,1.3104,1.5474,0.8723,0.6650,3.0058,2.6823
119,40.0000,40.0000,37.3667,1.0705,8,7,0.3782,1.1478,1.0419,0.7657,0.6083,2.8008,2.3848
120,40.0333,36.9667,28.7667,1.3917,11,10,0.6848,0.9421,1.2085,0.5520,0.6367,4.6303,3.2875
121,40.0000,39.2000,32.9667,1.2133,14,13,0.6694,0.9978,1.2767,0.5482,0.6392,5.5213,5.2273
122,40.0000,40.0000,33.0667,1.2097,18,17,0.7177,1.0800,1.3429,0.6161,0.6373,1.9251,2.1030
123,40.0333,33.8333,28.9000,1.3852,11,10,0.8662,1.0996,0.9451,0.7232,0.6580,1.7168,1.6722
124,40.0000,40.0000,32.7000,1.2232,16,15,0.9623,1.1649,1.0190,0.6985,0.6493,4.3352,2.6961
125,40.0333,38.3667,32.3000,1.2394,15,14,0.7317,1.0785,1.0198,0.6370,0.6272,1.4735,1.6349
126,40.0333,37.1333,31.5333,1.2696,12,11,0.6956,1.4720,1.0398,0.6562,0.6298,4.0679,2.8482
127,40.0000,38.0667,32.9333,1.2146,9,8,0.6154,1.0781,0.9486,0.6713,0.6272,1.9362,1.6022
128,40.0333,37.9333,29.4667,1.3586,14,13,0.8281,1.0213,0.9130,0.6258,0.6350,2.5244,3.3284
129,40.0000,39.5333,30.9667,1.2917,19,18,0.7417,1.0894,0.9735,0.6678,0.6093,1.5340,1.4701
130,40.0333,38.9667,27.3667,1.4629,17,16,0.7783,1.0219,0.9247,0.6596,0.6166,1.4813,1.4382
131,40.0000,38.7667,29.2000,1.3699,20,19,0.9349,1.0152,1.1555,0.6090,0.6380,1.3705,1.3889
132,40.0333,40.0000,29.7667,1.3449,18,17,0.7738,1.0465,1.0844,0.6500,0.6080,1.3276,1.5850
133,40.0333,36.9333,28.4000,1.4096,15,14,0.8181,1.0080,1.0290,0.6578,0.6344,1.2946,1.4492
134,40.0000,40.0000,31.5000,1.2698,22,21,0.6656,1.4965,1.7322,0.5403,0.6032,4.2687,3.0470
135,40.0000,40.0000,31.2333,1.2807,20,19,0.7513,1.0723,1.0310,0.6111,0.6327,1.4561,1.5990
136,40.0000,36.5667,29.7333,1.3453,17,16,0.7567,1.0330,0.9688,0.6498,0.6190,1.7200,1.7667
137,40.0000,37.6333,29.2667,1.3667,17,16,0.8064,1.0483,1.0110,0.6755,0.6429,1.5728,1.7057
138,40.0000,39.6667,30.9000,1.2945,17,16,0.8123,1.1118,0.9724,0.6630,0.6242,3.3929,2.3516
139,40.0333,40.0333,32.3667,1.2369,12,11,0.8363,1.0402,0.9714,0.7169,0.6474,1.5543,1.6830
140,40.0333,38.7000,30.3667,1.3183,14,13,0.9177,1.0334,0.9883,0.7280,0.6254,1.4261,1.4645
141,40.0000,40.0000,32.0667,1.2474,17,16,0.7630,1.1060,1.4027,0.7032,0.6382,2.3928,3.3495
142,40.0000,39.3667,33.1000,1.2085,8,7,0.4582,1.0762,0.9891,0.6528,0.6331,2.4065,2.2922
143,40.0333,40.0333,33.1667,1.2070,12,11,0.9658,1.2774,1.0670,0.7943,0.6098,5.6216,3.0308
144,40.0333,39.0333,32.7667,1.2218,11,10,0.9949,1.1248,1.0522,0.8291,0.6154,2.3105,1.8951
145,40.0000,40.0000,33.6333,1.1893,13,12,0.5689,1.3641,1.5350,0.7052,0.6217,2.2986,2.4461
146,40.0333,40.0333,32.4000,1.2356,15,14,0.8354,1.0254,1.0199,0.6500,0.6443,5.7401,3.5974
147,40.0333,39.6667,31.8333,1.2576,14,13,0.8356,1.0644,0.9434,0.6520,0.6266,1.6208,1.5839
148,40.0333,38.6667,30.2000,1.3256,14,13,0.7373,1.0778,0.9372,0.6718,0.6218,1.9860,2.1584
149,40.0000,40.0000,31.4667,1.2712,15,14,0.8549,1.1113,1.0515,0.7252,0.6194,2.4845,2.5078
150,40.0333,36.6333,30.7667,1.3012,12,11,0.6522,1.3043,1.3425,0.6551,0.6518,2.4251,1.9812
151,40.0333,40.0333,29.2000,1.3710,21,20,0.8311,1.1597,1.3210,0.5898,0.6163,3.2166,1.9963
152,40.0333,39.9333,36.4000,1.0998,11,10,0.5998,1.5551,1.7439,0.7409,0.6678,3.5432,2.9062
153,40.0333,39.2333,32.9333,1.2156,9,8,0.4565,0.9446,0.9555,0.5839,0.6103,3.8583,2.8860
154,40.0333,40.0333,38.2000,1.0480,7,6,0.0681,0.4229,0.9119,0.2117,0.3104,4.5371,2.7057
155,40.0333,39.8000,35.1667,1.1384,12,11,0.6445,1.0189,0.9569,0.6252,0.6468,2.9992,3.3235
156,40.0333,39.6333,30.3000,1.3212,16,15,0.9076,1.0944,1.1875,0.6932,0.6002,2.4769,2.1319
157,40.0000,40.0000,33.4667,1.1952,12,11,0.5807,1.0226,0.9617,0.6696,0.6249,7.1612,3.4823
158,40.0333,38.6667,34.8667,1.1482,10,9,0.7667,1.0776,1.0011,0.7270,0.6641,2.0616,2.0343
159,40.0333,39.4000,31.6333,1.2655,14,13,0.8377,1.0565,1.2777,0.7056,0.6412,1.7314,1.9969
160,40.0333,38.0667,34.5000,1.1604,9,8,0.4763,1.0747,0.8955,0.6947,0.6535,4.1656,2.5719
161,40.0333,40.0333,35.3333,1.1330,13,12,0.8981,1.0590,1.0885,0.7430,0.6713,1.7238,1.7084
162,40.0333,39.8333,31.9000,1.2550,11,10,0.8370,1.2701,0.9358,0.6989,0.6198,2.6507,2.1414
163,40.0333,35.2000,29.3667,1.3632,11,10,0.8320,1.2746,1.0394,0.7130,0.6124,3.9025,2.8660
164,40.0333,38.6333,31.6667,1.2642,12,11,0.7874,1.0927,1.2745,0.6786,0.6331,3.2553,2.7735
165,40.0000,35.8000,29.9667,1.3348,11,10,0.7097,1.1061,1.0402,0.7482,0.6396,2.2533,2.1081
166,40.0000,35.4667,29.4333,1.3590,12,11,0.7271,1.2597,1.1609,0.7649,0.6176,2.2813,2.1070
167,40.0000,38.5000,31.9000,1.2539,16,15,0.6061,1.0459,0.9195,0.5741,0.5928,2.3618,2.2676
168,40.0333,34.3667,28.6667,1.3965,13,12,0.6640,1.0545,1.4938,0.7084,0.6270,3.8978,2.4124
169,40.0000,40.0000,32.3000,1.2384,18,17,0.8772,1.0786,1.3710,0.7434,0.6261,3.3027,2.0687
170,27.2667,27.1000,24.5000,1.1129,7,6,0.1252,0.7121,0.7791,0.2504,0.3923,5.5023,4.5856
171,40.0000,39.3667,35.2000,1.1364,9,8,0.7472,1.1452,1.1985,0.7613,0.6557,2.9020,2.1565
172,40.0333,40.0333,34.2333,1.1694,14,13,0.5414,1.0735,2.4338,0.8161,0.5809,7.1602,3.8276
173,40.0000,39.0667,32.3333,1.2371,11,10,0.6062,1.2736,1.2090,0.7494,0.6308,2.4332,2.2693
174,40.0333,39.2000,32.2000,1.2433,11,10,0.8033,1.1455,1.4784,0.7675,0.6692,2.6950,2.4060
175,40.0000,38.3667,33.7000,1.1869,12,11,0.2878,0.7630,1.3044,0.5423,0.6084,7.9802,4.7571
176,40.0333,40.0000,33.6333,1.1903,13,12,0.2636,1.0751,1.0834,0.6407,0.5109,5.8265,2.8996
177,40.0000,40.0000,33.4333,1.1964,11,10,0.5085,1.1327,1.0872,0.6534,0.6301,7.5039,3.9545
178,40.0333,39.1333,31.5000,1.2709,11,10,0.9513,1.1379,1.5130,0.7218,0.6554,2.4399,2.1066
179,40.0333,40.0333,34.9667,1.1449,14,13,0.2536,0.9942,1.0181,0.6582,0.5744,8.1938,3.8340
180,40.0000,38.9333,28.2333,1.4168,16,15,0.9469,1.0408,0.9954,0.5993,0.6141,1.3909,1.3912
181,40.0000,40.0000,30.6333,1.3058,14,13,0.9108,1.0073,1.0665,0.6190,0.6338,1.2369,1.3569
182,40.0000,39.7333,29.5333,1.3544,18,17,0.9379,1.0022,0.9991,0.6409,0.6226,1.2421,1.4575
183,40.0333,38.5000,30.6667,1.3054,13,12,0.6891,1.1268,1.5155,0.6501,0.6316,1.4683,1.8164
184,40.0000,39.1667,29.5667,1.3529,17,16,0.9662,1.0881,1.0878,0.6358,0.6370,1.6564,1.6019
185,40.0000,37.5000,29.9667,1.3348,12,11,0.7086,1.0172,0.8692,0.6566,0.6207,1.8147,1.8817
186,40.0000,38.5333,31.2667,1.2793,16,15,0.7974,1.0140,0.9757,0.6841,0.6304,1.3097,1.3552
187,40.0333,39.1333,31.4333,1.2736,13,12,0.6967,1.0096,1.0445,0.6470,0.6114,3.2450,1.8522
188,40.0333,39.1333,30.0333,1.3330,19,18,0.8380,1.0156,1.0455,0.6197,0.5816,1.5233,1.6352
189,40.0333,38.9667,30.3333,1.3198,15,14,0.9648,1.1499,1.0061,0.6250,0.6310,1.9073,1.8858
190,40.0333,39.2333,32.3333,1.2381,19,18,0.6856,1.0086,0.9344,0.5789,0.6014,2.2099,1.9584
191,40.0333,39.8333,33.2000,1.2058,15,14,0.4679,1.5043,1.1892,0.5929,0.6150,6.0910,3.5038
192,40.0000,39.6333,33.5333,1.1928,11,10,0.5586,1.0574,1.4924,0.6480,0.6774,4.2463,3.3145
193,40.0333,40.0333,34.2667,1.1683,9,8,0.8025,1.0879,1.1795,0.7908,0.6453,2.7891,2.6204
194,40.0000,40.0000,34.8000,1.1494,9,8,0.8448,1.0776,1.3228,0.7166,0.6684,2.1550,2.0635
195,40.0000,39.1333,29.3000,1.3652,17,16,0.7736,1.0105,0.9967,0.5893,0.6102,5.0023,3.0122
196,40.0333,40.0333,30.3000,1.3212,15,14,0.9120,1.1209,1.0646,0.7319,0.5968,1.9866,1.7102
197,40.0000,39.2333,33.5667,1.1917,13,12,0.7507,1.1400,1.3275,0.7156,0.6444,1.7381,1.8571
198,40.0333,40.0333,33.6000,1.1915,17,16,0.7738,1.0064,1.1578,0.6748,0.6291,1.4652,1.4812
199,40.0000,40.0000,33.4000,1.1976,14,13,0.8563,1.0649,1.2708,0.7140,0.6321,2.2527,2.0681
200,40.0000,40.0000,32.1333,1.2448,17,16,0.6795,1.2061,1.1787,0.7306,0.6098,3.2624,2.8909
201,40.0333,40.0333,33.6000,1.1915,17,16,0.4970,1.0246,1.0969,0.5779,0.6021,5.7627,2.8973
202,40.0333,39.0667,33.8667,1.1821,12,11,0.8130,1.1544,1.0530,0.7163,0.6487,2.2956,1.9600
203,40.0333,39.8000,34.2667,1.1683,19,18,0.5710,1.0401,0.9136,0.5698,0.6025,2.0688,1.8740
204,40.0333,38.8667,34.8333,1.1493,11,10,0.4297,1.1059,0.9395,0.6505,0.6352,2.7520,2.1204
205,40.0333,39.3000,35.5667,1.1256,11,10,0.3758,0.8845,1.1091,0.5615,0.5908,3.3686,3.7133
206,40.0000,38.8000,29.2333,1.3683,18,17,0.8951,1.0766,0.9844,0.7163,0.6178,1.8181,1.7191
207,40.0333,37.2333,29.9333,1.3374,11,10,0.6581,1.0498,0.9877,0.6629,0.6307,2.4046,2.0392
208,40.0000,40.0000,31.2000,1.2821,17,16,0.8697,1.0774,0.9677,0.7045,0.6270,1.7893,1.5003
209,40.0333,39.7667,31.4000,1.2749,17,16,0.8822,1.1115,1.0855,0.7251,0.6208,3.2644,2.6695
210,40.0333,40.0333,31.3333,1.2777,17,16,0.7777,1.0327,1.1471,0.6467,0.6267,1.7688,1.7200
211,40.0000,34.5000,26.7000,1.4981,19,18,0.9026,1.0238,1.3235,0.6999,0.6049,2.3977,1.9667
212,40.0333,40.0333,31.9333,1.2537,17,16,0.7537,1.1079,0.9274,0.7189,0.6274,2.1803,1.4671
213,40.0000,40.0000,32.9000,1.2158,14,13,0.8774,1.4285,1.0947,0.7149,0.6343,2.6126,2.5869
214,40.0333,40.0333,34.3000,1.1672,17,16,0.8494,1.0716,0.9112,0.7305,0.6559,2.3019,2.0358
215,40.0333,34.7000,28.2667,1.4163,12,11,0.9458,1.1227,1.0292,0.7660,0.6483,1.5177,1.7510
216,40.0333,39.4333,32.7667,1.2218,16,15,0.7325,1.0369,1.3362,0.6824,0.6490,2.0541,3.2756
217,40.0000,38.7000,32.2333,1.2410,13,12,0.8345,1.1310,1.5947,0.7169,0.7394,3.3390,3.1991
218,40.0000,38.8000,31.3000,1.2780,12,11,0.6656,1.0850,2.1593,0.6912,0.5996,5.0262,3.5554
219,40.0333,35.8667,30.5333,1.3111,10,9,0.3777,0.9915,0.9391,0.5637,0.5871,6.7714,5.5275
220,40.0333,38.5000,30.1000,1.3300,13,12,0.8671,1.2201,1.7158,0.6281,0.6137,2.2173,2.1782
221,40.0333,38.6333,30.8667,1.2970,15,14,0.9460,1.0519,1.2159,0.7045,0.6601,1.5146,1.4959
222,40.0333,40.0333,32.1000,1.2471,13,12,0.9512,1.8098,2.1941,0.6796,0.6579,2.4136,3.2022
223,40.0000,40.0000,30.6333,1.3058,15,14,0.8781,1.0959,1.1120,0.6970,0.6366,1.6023,2.1513
224,40.0000,40.0000,32.3333,1.2371,16,15,0.7918,1.0393,1.1429,0.6580,0.6473,2.4817,2.9952
225,40.0333,38.6667,31.0333,1.2900,17,16,0.8776,1.3229,1.3759,0.6626,0.6269,2.3979,2.2462
226,40.0333,39.5333,30.3667,1.3183,20,19,0.7113,1.0426,1.3936,0.6370,0.5739,2.3391,1.8582
227,40.0333,39.7333,31.8667,1.2563,13,12,0.9059,1.3628,1.7778,0.6663,0.6552,1.5871,2.4604
228,40.0000,39.2667,32.0000,1.2500,10,9,0.8938,1.7339,1.7905,0.6448,0.6739,3.1715,4.3826
229,40.0333,38.7667,33.9333,1.1798,12,11,0.8468,1.0829,1.7335,0.7492,0.6799,2.1676,2.0796
230,40.0333,40.0333,37.5000,1.0676,8,7,0.5876,1.3970,1.9518,0.7260,0.7979,7.7361,4.3201
231,40.0333,38.6333,34.2667,1.1683,14,13,0.4621,0.8916,1.4648,0.5876,0.6467,9.0108,4.1084
232,40.0000,39.9667,35.0667,1.1407,9,8,0.8508,1.2618,1.9436,0.7023,0.7121,2.1084,3.4094
233,40.0333,37.2667,31.3333,1.2777,11,10,0.6862,1.7979,1.7180,0.8523,0.6423,2.5315,3.6890
234,40.0000,38.9333,31.5667,1.2672,18,17,0.8437,1.0455,1.4635,0.6390,0.6310,4.5728,2.5910
235,40.0333,39.4667,32.7333,1.2230,14,13,0.9878,1.1764,1.3899,0.7253,0.6410,2.3737,2.2815
236,40.0333,38.6333,31.0000,1.2914,12,11,0.9398,1.1279,1.3955,0.6857,0.6379,1.7016,1.8971
237,40.0333,36.5000,29.4333,1.3601,17,16,0.9649,1.1620,1.4595,0.6799,0.6385,1.6447,2.2722
238,40.0000,38.9333,30.8333,1.2973,16,15,0.8270,0.9945,0.9775,0.5978,0.6127,1.4581,1.5654
239,40.0333,37.5000,33.6000,1.1915,10,9,0.5893,1.2384,1.1850,0.7416,0.6400,6.9105,3.6174
240,40.0333,39.3333,33.0667,1.2107,14,13,0.9456,1.0388,1.0426,0.7098,0.6442,2.8485,1.8364
241,40.0333,37.1000,31.6667,1.2642,10,9,0.7937,1.0820,0.8940,0.7525,0.6536,1.9110,1.3460
242,40.0333,39.7333,35.9667,1.1131,9,8,0.6256,1.1981,1.0262,0.8053,0.6370,4.9279,2.8729
243,40.0333,37.7333,29.4000,1.3617,19,18,0.8095,1.0690,1.0486,0.6231,0.6316,1.9698,1.9521
244,40.0333,39.1333,30.5333,1.3111,15,14,0.8450,1.0798,1.4047,0.6535,0.6002,2.4403,2.1073
245,40.0000,38.7000,29.9333,1.3363,19,18,0.8953,1.0386,0.9778,0.6774,0.6206,1.2695,1.3454
246,40.0333,38.8333,28.7333,1.3933,17,16,0.9478,1.0369,1.0684,0.6711,0.6047,1.2469,1.2905
247,40.0000,38.7000,28.5333,1.4019,13,12,0.8610,1.0732,1.0599,0.7371,0.6234,1.7160,1.7101
248,40.0000,38.2333,35.0000,1.1429,7,6,0.7171,1.6952,0.9543,0.8269,0.6160,5.9384,3.5109
249,40.0333,39.8667,34.5667,1.1581,11,10,0.4870,1.0557,1.0819,0.6319,0.5948,5.5187,2.9392
250,40.0333,38.8333,33.6667,1.1891,10,9,0.7465,1.1406,1.0900,0.7412,0.6686,2.5324,2.3344
251,40.0333,40.0333,31.6333,1.2655,9,8,0.6997,1.0445,0.8992,0.7325,0.5926,2.4227,1.9762
252,40.0000,39.6000,32.3333,1.2371,9,8,0.9639,1.0957,0.9928,0.7838,0.6284,1.5457,1.6973
253,40.0333,40.0333,33.8667,1.1821,13,12,0.7136,1.0839,1.0044,0.7088,0.6222,1.8001,1.8653
254,40.0333,39.8333,35.0667,1.1416,8,7,0.6511,1.0638,1.5472,0.7252,0.6753,5.2716,2.9998
255,40.0333,37.7333,33.6000,1.1915,11,10,0.6687,1.0860,1.3143,0.7139,0.6501,1.9696,1.8904
256,40.0333,40.0333,36.6667,1.0918,8,7,0.6500,1.0338,1.0128,0.7217,0.6635,3.3878,1.9621
257,40.0000,39.9000,33.2667,1.2024,12,11,0.6934,1.1634,1.1238,0.6649,0.6323,2.5082,2.0672
258,40.0000,38.8667,29.8333,1.3408,21,20,0.5709,1.0077,0.9390,0.5523,0.5479,2.7281,2.3015
259,40.0333,39.1000,29.9667,1.3359,14,13,0.9577,1.0191,1.0126,0.6785,0.6245,1.2192,1.2958
260,40.0333,39.8667,31.6667,1.2642,20,19,0.7989,1.0288,0.9075,0.6472,0.6104,1.3731,1.1619
261,40.0333,40.0333,32.0333,1.2497,19,18,0.8169,1.2273,1.4160,0.7099,0.6591,1.9704,2.5538
262,40.0333,39.0333,31.4000,1.2749,11,10,0.8270,1.0524,1.2465,0.7085,0.6278,4.4728,2.4658
263,40.0333,39.7667,31.5333,1.2696,16,15,0.9049,1.0108,1.1042,0.6483,0.6176,2.2578,1.8687
264,40.0333,40.0333,29.0333,1.3789,19,18,0.7497,1.0512,0.9156,0.6370,0.5907,2.4363,1.6005
265,40.0333,39.2667,31.2000,1.2831,21,20,0.8793,1.0536,1.8718,0.6609,0.6249,4.6830,3.1283
266,40.0333,40.0333,28.8667,1.3868,17,16,0.9838,1.1492,1.4463,0.6217,0.6141,1.6731,2.4138
267,40.0333,35.9333,27.3000,1.4664,13,12,0.7753,1.4493,0.9689,0.5939,0.5805,3.3113,4.1074
268,40.0333,38.9667,31.1667,1.2845,14,13,0.6353,1.0103,0.9418,0.6197,0.6104,2.5628,1.7630
269,40.0333,40.0333,32.6000,1.2280,20,19,0.6769,1.0183,1.2849,0.6655,0.6131,3.6306,2.2263
270,40.0333,40.0333,28.1667,1.4213,23,22,0.7751,1.0257,1.0179,0.6165,0.5461,2.1063,2.0947
271,40.0333,38.1667,31.7000,1.2629,14,13,0.7939,1.1182,0.8920,0.7999,0.6252,2.6523,2.4805
272,40.0000,39.1333,31.3667,1.2752,17,16,0.8204,1.0681,1.0677,0.7341,0.6067,1.7499,1.4833
273,40.0000,35.8667,28.6333,1.3970,16,15,0.8568,1.2416,0.8963,0.7347,0.5966,2.4420,2.2097
274,40.0333,40.0333,32.1667,1.2446,14,13,0.8435,1.0629,1.4425,0.6713,0.6167,1.5340,1.7375
275,40.0000,39.3667,33.5667,1.1917,14,13,0.6673,1.1340,1.5240,0.6806,0.6369,5.8703,3.2671
276,40.0333,38.7000,30.7667,1.3012,21,20,0.8559,1.0489,1.0728,0.7076,0.5941,1.7463,1.5414
277,40.0000,38.4333,31.9333,1.2526,15,14,0.7067,1.0594,1.0794,0.6970,0.6188,2.3671,1.9956
278,40.0333,38.4667,30.3333,1.3198,16,15,0.8912,1.1939,1.5466,0.6892,0.6088,2.4688,2.2714
279,40.0000,38.2667,27.1000,1.4760,14,13,0.9287,1.0440,0.9705,0.6721,0.6040,1.1505,1.1838
280,40.0333,39.2333,31.8667,1.2563,14,13,0.8954,1.1906,1.0552,0.7136,0.6310,2.6958,2.4628
281,40.0000,38.7667,29.4667,1.3575,19,18,0.9016,1.0602,1.7220,0.6895,0.6218,2.2293,2.3572
282,40.0000,36.3333,28.2667,1.4151,14,13,0.9623,1.0356,0.8941,0.7150,0.6065,1.2033,1.2789
283,40.0333,38.1667,30.5333,1.3111,15,14,0.8286,1.1246,1.1303,0.7297,0.6112,2.2392,1.8335
284,40.0333,40.0000,30.7000,1.3040,16,15,0.9262,1.2661,1.5532,0.6618,0.6158,1.6793,2.2154
285,40.0000,37.7000,31.6667,1.2632,16,15,0.5937,1.0334,1.4151,0.6516,0.6050,2.3431,2.1134
286,40.0000,39.8333,31.8333,1.2565,16,15,0.7791,1.1181,0.9325,0.6555,0.6366,1.7324,1.6519
287,40.0000,38.9333,31.3667,1.2752,15,14,0.8300,1.1050,1.1277,0.7475,0.6184,2.0928,1.9643
288,40.0000,38.7000,28.3000,1.4134,15,14,0.9717,1.0222,1.0764,0.6473,0.6211,1.1681,1.2411
289,40.0000,37.3000,29.8667,1.3393,16,15,0.8917,1.1846,1.5060,0.7286,0.6372,2.2974,2.4227
290,40.0333,37.5000,31.2667,1.2804,16,15,0.8859,1.4326,1.9335,0.7237,0.6474,2.0756,2.7054
291,40.0333,39.0667,30.8000,1.2998,15,14,0.6548,1.1790,0.9651,0.7238,0.6108,1.9487,1.9067
292,40.0000,39.5000,32.4667,1.2320,15,14,0.6828,1.0422,1.0270,0.7120,0.6153,1.8766,1.8792
293,40.0333,37.5667,31.7667,1.2602,12,11,0.6013,1.1884,0.9539,0.7451,0.6419,2.7962,3.3325
294,40.0333,40.0333,30.1000,1.3300,18,17,0.9668,1.0559,1.0500,0.6791,0.6309,1.3392,1.4416
295,40.0333,39.3333,31.4000,1.2749,17,16,0.9108,1.1448,1.5307,0.7210,0.6079,2.6812,2.3486
296,40.0000,36.6000,28.6667,1.3953,18,17,0.8628,1.0513,0.9412,0.6095,0.6155,2.9457,2.3036
297,40.0000,38.6000,30.9333,1.2931,14,13,0.9774,1.1446,1.1835,0.7281,0.6304,1.5866,1.7746
298,40.0333,38.5333,30.6667,1.3054,16,15,0.9652,1.0365,1.1035,0.6918,0.6276,1.3633,1.5137
299,40.0333,39.4333,30.7000,1.3040,16,15,0.9403,1.3069,1.6475,0.6752,0.6131,2.3180,2.4116
300,40.0333,37.0000,29.4333,1.3601,15,14,0.9332,1.0370,0.9534,0.7035,0.6049,2.1187,1.7889
301,40.0333,38.6333,29.1333,1.3741,16,15,0.8204,1.0517,0.8875,0.7227,0.6172,1.8691,1.4490
302,40.0000,36.9667,29.1000,1.3746,16,15,0.9198,1.0760,1.2316,0.7344,0.6149,1.4030,1.6872
303,40.0000,38.2000,30.8667,1.2959,10,9,0.9957,1.0506,0.9875,0.7234,0.6278,1.3914,1.2419
304,40.0333,36.1667,29.0333,1.3789,15,14,0.8783,1.0580,1.2901,0.7024,0.6274,1.7861,2.5440
305,40.0333,37.9000,29.8667,1.3404,14,13,0.8717,1.0588,1.0080,0.7068,0.6126,1.7037,1.4700
306,40.0333,35.0667,28.9000,1.3852,15,14,0.8651,1.1547,1.1662,0.7436,0.6218,1.9785,2.1767
307,40.0000,40.0000,36.9333,1.0830,8,7,0.3718,1.2242,1.2200,0.8498,0.6976,2.9346,2.8044
308,40.0333,35.0000,29.1000,1.3757,10,9,0.2142,0.9239,1.1850,0.6208,0.5162,3.3359,4.4665
309,40.0333,39.0333,32.6333,1.2268,9,8,0.6435,1.2646,1.5546,0.6359,0.6945,5.0329,5.9244
310,40.0333,38.2667,33.6667,1.1891,8,7,0.7347,1.5396,2.4632,0.6022,0.6820,2.0625,3.1646
311,40.0000,40.0000,36.8333,1.0860,9,8,0.5964,1.6344,1.7328,0.6621,0.7558,2.9825,3.8939
312,40.0000,38.7667,32.3333,1.2371,7,6,0.3423,0.9963,1.3293,0.5263,0.6137,2.1327,2.8087
313,40.0000,37.8667,32.0333,1.2487,11,10,0.5546,0.9961,1.1795,0.6747,0.6665,2.5716,3.5916
314,40.0000,39.2000,33.4333,1.1964,10,9,0.7139,1.1876,1.5754,0.7086,0.6604,2.1255,2.1806
315,40.0000,39.7667,32.1667,1.2435,11,10,0.6580,1.2591,2.1400,0.6807,0.6704,7.3582,4.1504
316,40.0333,34.5667,31.9333,1.2537,10,9,0.2599,0.9204,1.0478,0.5652,0.6780,2.0501,1.9633
317,40.0000,38.5667,28.3667,1.4101,19,18,0.9412,1.0793,0.8850,0.7268,0.5927,1.5394,1.4219
318,40.0333,40.0000,31.3667,1.2763,14,13,0.9777,1.0737,0.9134,0.7342,0.6258,2.2235,1.9659
319,40.0333,39.9333,32.8000,1.2205,18,17,0.7276,1.0932,1.7122,0.7230,0.6186,5.5032,2.6607
320,40.0333,38.7667,28.8333,1.3884,14,13,0.9410,1.0421,1.0757,0.7590,0.6278,2.6520,2.5077
321,40.0000,37.2000,29.3000,1.3652,15,14,0.9056,1.0473,0.9105,0.7634,0.6213,4.7502,2.8452
322,40.0333,38.8667,29.9667,1.3359,18,17,0.8932,1.0563,0.9915,0.7337,0.6178,1.3616,1.4485
323,40.0000,39.9667,34.0000,1.1765,16,15,0.6990,1.0713,1.2624,0.8077,0.6302,1.5214,1.4897
324,40.0000,35.5000,28.7000,1.3937,17,16,0.9175,1.0519,1.0052,0.7608,0.6205,1.4204,1.2688
325,40.0333,40.0333,32.7333,1.2230,11,10,0.4613,1.0638,0.8827,0.7710,0.6334,7.4711,3.5688
326,40.0000,34.7667,29.5667,1.3529,15,14,0.4803,1.0419,1.7086,0.6803,0.5827,4.0426,2.2860
327,40.0000,35.0333,29.9333,1.3363,11,10,0.8664,1.2375,1.0591,0.7597,0.6135,4.1231,2.4643
328,40.0333,38.8333,31.2333,1.2818,15,14,0.8378,1.0987,0.9157,0.7402,0.6347,2.0568,1.8033
329,40.0000,39.0333,29.7667,1.3438,17,16,0.8320,1.0271,0.9208,0.7122,0.5992,2.3034,1.7961
