episode,orig_s,trimmed_s,new_s,speedup,n_segments,n_pauses,retimed_frac,vel_ratio_max,acc_ratio_max,vel_ratio_p99,acc_ratio_p99,demo_vel_ratio_max,demo_acc_ratio_max,steps
0,40.0000,40.0000,34.9000,1.1461,16,15,0.1337,0.2797,0.7233,0.1389,0.2605,1.6223,2.2945,3
1,40.0000,39.1333,33.4333,1.1964,19,18,0.1645,0.3966,0.8560,0.1338,0.2782,2.6772,2.4320,3
2,40.0000,40.0000,35.6000,1.1236,13,12,0.1114,0.3187,0.8253,0.0967,0.2209,2.4728,2.2790,3
3,40.0333,39.2333,33.9000,1.1809,15,14,0.1318,0.2797,0.7117,0.1261,0.2408,1.5782,2.1434,3
4,40.0333,39.0667,32.0333,1.2497,23,22,0.1935,0.2634,1.0957,0.1114,0.2514,2.2087,2.8619,3
5,40.0000,39.7000,34.7333,1.1516,18,17,0.1363,0.1624,0.6521,0.0918,0.2183,1.5517,1.6600,3
6,40.0000,39.4333,33.4667,1.1952,20,19,0.1633,0.2686,1.0603,0.1117,0.2542,2.1422,2.6465,3
7,40.0333,38.6667,32.1333,1.2459,13,12,0.1359,0.1859,0.6281,0.0917,0.2351,1.9501,2.0371,3
8,40.0000,39.1333,32.2333,1.2410,18,17,0.1665,0.2737,0.8869,0.0850,0.2195,1.5448,1.7440,3
9,40.0000,40.0000,33.6333,1.1893,20,19,0.1655,0.3315,0.7707,0.1136,0.2722,2.1924,2.1228,3
10,40.0333,40.0000,32.8667,1.2181,15,14,0.1460,0.1531,0.5853,0.0855,0.1741,2.3941,3.6495,3
11,40.0333,39.2000,33.2667,1.2034,19,18,0.1593,0.3505,1.5688,0.0816,0.2414,3.8538,5.1982,3
12,40.0000,39.0333,33.8667,1.1811,21,20,0.1535,0.2389,0.8847,0.1091,0.2878,2.2598,2.3766,3
13,40.0000,35.7667,29.8667,1.3393,17,16,0.1663,0.3009,0.7469,0.0765,0.2284,1.5664,2.5048,3
14,40.0333,40.0333,35.7667,1.1193,19,18,0.1361,0.2018,0.6514,0.0861,0.2009,2.1042,3.1738,3
15,40.0333,40.0333,33.0667,1.2107,23,22,0.1996,0.2199,0.8742,0.0924,0.2411,1.6690,2.7773,3
16,40.0333,39.1667,35.6333,1.1235,15,14,0.1141,0.2824,1.3828,0.1170,0.2676,1.5182,2.2463,3
17,40.0000,39.1667,34.5667,1.1572,14,13,0.1157,0.3168,0.8695,0.1369,0.2491,1.8040,2.0824,3
18,40.0000,39.4667,33.5333,1.1928,18,17,0.1431,0.2828,1.3109,0.1153,0.2687,2.0325,2.5280,3
19,40.0333,38.3000,35.8000,1.1182,13,12,0.0987,0.4209,0.9405,0.1467,0.2164,2.3223,2.6720,3
20,40.0000,39.3667,36.7667,1.0879,11,10,0.0689,0.1938,0.9044,0.1026,0.3010,1.5309,2.3038,3
21,40.0333,36.7000,33.0000,1.2131,10,9,0.0848,0.2170,0.7748,0.0889,0.2663,1.8805,2.2018,3
22,40.0000,40.0000,37.1667,1.0762,12,11,0.0771,0.2210,0.8849,0.1058,0.2268,1.5455,2.4613,3
23,40.0333,40.0333,37.0333,1.0810,9,8,0.0594,0.2139,0.9251,0.0839,0.1835,2.2004,3.0832,3
24,40.0000,40.0000,37.2667,1.0733,13,12,0.0850,0.2716,0.8699,0.0935,0.3122,3.2147,2.3229,3
25,40.0333,38.7667,35.8667,1.1162,6,5,0.0595,0.2843,0.9766,0.1227,0.1961,1.5600,2.0223,3
26,40.0333,37.5000,32.7000,1.2243,10,9,0.1060,0.3211,1.4927,0.1106,0.2477,2.2689,2.5592,3
27,40.0000,39.9000,36.3667,1.0999,11,10,0.0761,0.1489,0.6313,0.0822,0.1947,4.7115,3.0364,3
28,40.0000,36.4667,33.8667,1.1811,12,11,0.0886,0.3215,1.0680,0.1013,0.2107,2.6525,2.6822,3
29,40.0333,32.6667,29.9667,1.3359,12,11,0.1012,0.2151,0.6829,0.0871,0.2190,2.0803,2.9998,3
30,40.0333,38.3667,34.3333,1.1660,14,13,0.1184,0.2483,1.0284,0.1088,0.2428,3.1594,2.4095,3
31,40.0000,39.5000,35.1667,1.1374,17,16,0.1365,0.3192,1.0770,0.1535,0.2705,5.5887,3.5562,3
32,40.0333,39.0000,35.6000,1.1245,11,10,0.0824,0.3077,0.8238,0.1232,0.2162,3.1432,3.6732,3
33,40.0333,37.9667,33.0000,1.2131,13,12,0.1253,0.2779,0.7727,0.1028,0.2168,1.2041,1.8311,3
34,40.0333,39.2333,35.6667,1.1224,12,11,0.0935,0.2021,1.1902,0.0918,0.1932,5.9420,5.5627,3
35,40.0000,39.3333,35.6667,1.1215,13,12,0.0963,0.3984,1.2718,0.0753,0.2119,2.2627,2.7145,3
36,40.0333,40.0333,35.9667,1.1131,15,14,0.1066,0.2673,0.9887,0.0998,0.2141,2.4720,3.9066,3
37,40.0000,32.7333,29.6000,1.3514,9,8,0.0980,0.3397,0.4340,0.0930,0.1616,1.3768,2.0339,3
38,40.0333,39.4333,31.6667,1.2642,16,15,0.1663,0.2600,1.1707,0.1109,0.2623,2.3002,2.6701,3
39,40.0000,38.2333,34.1000,1.1730,12,11,0.0978,0.2217,0.9142,0.0912,0.2843,3.7769,4.4744,3
40,40.0333,34.9667,32.4333,1.2343,9,8,0.0647,0.2149,0.8634,0.0916,0.2245,3.0175,4.0363,3
41,40.0333,39.4000,27.7333,1.4435,8,7,0.1767,0.2966,0.4092,0.1228,0.1947,1.4788,2.5625,3
42,40.0000,39.9000,35.2000,1.1364,16,15,0.1269,0.2776,0.7575,0.0957,0.1946,1.5264,1.9563,3
43,40.0333,39.4333,36.5667,1.0948,13,12,0.0966,0.2950,0.9855,0.0915,0.1958,1.5083,2.1689,3
44,40.0000,38.3333,36.3000,1.1019,9,8,0.0523,0.2521,0.7326,0.0984,0.3439,1.8429,2.6684,3
45,40.0333,39.8000,36.3667,1.1008,9,8,0.0596,0.1128,0.4736,0.0595,0.1530,2.1614,2.4135,3
46,40.0333,40.0333,35.6667,1.1224,18,17,0.1206,0.2375,0.8631,0.1202,0.2719,6.7388,4.2025,3
47,40.0333,40.0333,38.7333,1.0336,8,7,0.0491,0.2344,1.0084,0.0860,0.2518,2.3848,3.0591,3
48,40.0000,40.0000,37.9333,1.0545,7,6,0.0475,0.3741,0.9065,0.1343,0.2658,1.7311,2.1535,3
49,40.0333,40.0333,35.8333,1.1172,11,10,0.0921,0.3253,1.6698,0.1075,0.2240,8.2967,4.4275,3
50,40.0333,39.7333,37.4000,1.0704,9,8,0.0651,0.2473,0.8311,0.1227,0.2468,2.0422,2.9308,3
51,40.0333,40.0333,37.9333,1.0554,9,8,0.0571,0.2976,1.1314,0.1188,0.3496,2.4492,2.3173,3
52,40.0000,39.2667,37.1333,1.0772,10,9,0.0601,0.2300,0.6253,0.0751,0.2648,7.4864,5.3456,3
53,40.0000,39.5667,34.3000,1.1662,16,15,0.1351,0.3247,0.7600,0.0942,0.2345,3.4895,3.9688,3
54,40.0333,40.0333,37.1000,1.0791,14,13,0.0907,0.3115,0.8749,0.0999,0.2262,12.4387,9.7827,3
55,40.0333,39.7667,35.5667,1.1256,15,14,0.1190,0.2965,0.7367,0.1133,0.2509,3.1240,4.1715,3
56,40.0333,38.4333,35.1000,1.1406,14,13,0.1130,0.2947,0.8454,0.1060,0.2456,1.7732,1.8734,3
57,40.0000,39.4000,30.7667,1.3001,21,20,0.1961,0.3376,1.0722,0.0963,0.2270,2.0382,2.7416,3
58,40.0000,34.6000,31.9333,1.2526,12,11,0.0929,0.3553,1.2759,0.1124,0.2687,1.7970,2.1723,3
59,40.0333,39.9333,36.4000,1.0998,12,11,0.0842,0.2839,1.0308,0.0861,0.2090,3.6520,4.5441,3
60,40.0000,38.8333,33.6667,1.1881,17,16,0.1475,0.2552,0.8979,0.0917,0.2491,1.7708,2.4747,3
61,40.0333,40.0333,34.5667,1.1581,14,13,0.1196,0.2831,0.7886,0.0875,0.1662,1.9772,2.6272,3
62,40.0000,39.6667,38.4000,1.0417,9,8,0.0477,0.3171,0.6998,0.0946,0.2259,3.4418,2.6020,3
63,40.0000,38.6667,33.5667,1.1917,13,12,0.1132,0.3020,1.0292,0.1241,0.2813,4.6281,2.3521,3
64,40.0000,39.5000,37.0000,1.0811,12,11,0.0748,0.3598,1.1721,0.0914,0.2712,3.2205,3.1162,3
65,40.0000,38.3000,34.2333,1.1685,18,17,0.1363,0.2694,0.9440,0.0745,0.1993,2.1195,1.5887,3
66,40.0333,38.0333,32.0667,1.2484,16,15,0.1403,0.3483,0.7822,0.1027,0.2517,2.6279,2.0044,3
67,40.0000,39.7333,36.1667,1.1060,15,14,0.1032,0.2935,0.8326,0.0962,0.2323,2.6760,2.3571,3
68,40.0333,39.3333,36.7000,1.0908,11,10,0.0727,0.2888,0.9039,0.1252,0.2395,1.7514,2.2254,3
69,40.0333,38.9333,37.4333,1.0695,8,7,0.0525,0.2311,0.9327,0.0938,0.2641,1.8492,2.1520,3
70,40.0000,39.4333,35.3000,1.1331,14,13,0.1039,0.3016,1.0114,0.0805,0.3131,1.7968,2.7118,3
71,40.0333,39.3333,34.3667,1.1649,13,12,0.1222,0.3281,1.1480,0.1155,0.2180,2.2574,2.1241,3
72,40.0000,39.4000,36.6333,1.0919,11,10,0.0828,0.3074,1.0091,0.1470,0.2565,5.1324,2.9654,3
73,40.0333,40.0333,38.6333,1.0362,10,9,0.0587,0.2058,0.7810,0.0935,0.3604,7.3250,3.6131,3
74,40.0000,38.8667,36.8000,1.0870,8,7,0.0607,0.2500,0.9053,0.1173,0.2042,6.7510,3.8955,3
75,40.0333,38.3333,37.5333,1.0666,7,6,0.0480,0.3295,0.6715,0.1308,0.3437,8.6713,7.1828,3
76,40.0333,38.4667,35.1000,1.1406,11,10,0.0921,0.2435,0.7040,0.1180,0.2670,5.8116,3.2415,3
77,40.0000,40.0000,37.7000,1.0610,11,10,0.0663,0.3863,1.0889,0.0947,0.2633,4.4937,2.9864,3
78,40.0000,37.4667,35.1000,1.1396,10,9,0.0750,0.1904,0.6380,0.0728,0.1830,2.4310,2.7702,3
79,40.0333,40.0333,37.1000,1.0791,8,7,0.0602,0.4200,1.3942,0.0858,0.2114,5.5533,3.1853,3
80,40.0333,39.7333,37.4667,1.0685,11,10,0.0632,0.2613,0.6829,0.0679,0.2224,2.5637,2.4414,3
81,40.0333,39.7667,36.9667,1.0830,12,11,0.0775,0.3292,0.8282,0.1377,0.2996,2.8448,3.3787,3
82,40.0000,39.9000,37.8667,1.0563,9,8,0.0607,0.2037,0.7143,0.1113,0.2819,3.9570,3.7602,3
83,40.0333,40.0333,36.8333,1.0869,10,9,0.0733,0.3714,0.9110,0.1395,0.2743,5.2232,4.2988,3
84,40.0333,40.0333,39.1333,1.0230,6,5,0.0264,0.2516,0.9190,0.0709,0.3718,6.2144,3.6772,3
85,40.0000,39.3333,37.3000,1.0724,9,8,0.0527,0.1633,0.6421,0.1030,0.2264,6.2220,3.7492,3
86,40.0333,39.8333,38.1667,1.0489,7,6,0.0393,0.2045,0.8011,0.1031,0.3673,4.3135,2.7623,3
87,40.0333,40.0333,36.2333,1.1049,14,13,0.0892,0.1866,0.7767,0.1013,0.2656,2.7766,2.5649,3
88,40.0333,39.0333,37.2667,1.0742,9,8,0.0617,0.2383,0.7202,0.0812,0.2050,1.9636,2.2119,3
89,40.0000,40.0000,36.9667,1.0821,7,6,0.0541,0.3811,0.3888,0.0915,0.2199,5.6722,2.9162,3
90,40.0333,39.9000,36.6333,1.0928,14,13,0.1074,0.3251,0.8235,0.1023,0.1958,3.8564,2.9763,3
91,40.0000,39.9000,36.5667,1.0939,13,12,0.0848,0.3359,0.9947,0.1255,0.3162,3.2744,3.2282,3
92,40.0000,39.1333,36.3000,1.1019,13,12,0.0918,0.2807,0.7593,0.1704,0.2499,2.6537,2.3061,3
93,40.0000,39.4333,34.5333,1.1583,16,15,0.1236,0.1771,0.6762,0.0852,0.2063,1.9991,2.1951,3
94,40.0333,40.0333,35.8667,1.1162,13,12,0.1171,0.3297,0.6642,0.1709,0.2606,4.8518,3.1529,3
95,40.0333,40.0333,35.6667,1.1224,14,13,0.1075,0.2474,0.6490,0.0814,0.2070,2.5099,2.3818,3
96,40.0333,38.6667,32.9333,1.2156,16,15,0.1457,0.2450,0.6679,0.1161,0.2321,1.8663,2.2756,3
97,40.0333,39.2667,36.3333,1.1018,14,13,0.1009,0.3910,1.0741,0.1597,0.2732,2.7463,2.4763,3
98,40.0333,39.2000,36.4667,1.0978,11,10,0.0786,0.1651,0.9115,0.0879,0.2059,3.4238,2.2310,3
99,40.0000,36.8667,35.9000,1.1142,6,5,0.0436,0.1977,0.8485,0.0986,0.1976,2.4062,2.0959,3
100,40.0333,40.0333,38.8000,1.0318,9,8,0.0558,0.2441,0.9770,0.1474,0.2800,6.4021,3.4801,3
101,40.0333,39.2333,38.2333,1.0471,8,7,0.0497,0.1286,0.6892,0.0845,0.1868,3.2504,4.4082,3
102,40.0333,39.8000,38.9333,1.0283,5,4,0.0248,0.1974,0.8641,0.0724,0.3645,5.6459,3.2563,3
103,40.0000,39.3000,36.3333,1.1009,10,9,0.0697,0.2497,1.2304,0.0882,0.1858,5.0966,3.3296,3
104,40.0333,39.8667,38.7000,1.0345,7,6,0.0388,0.1173,0.4118,0.0786,0.1569,2.6541,2.2900,3
105,40.0000,39.0667,36.9333,1.0830,9,8,0.0496,0.2999,0.8686,0.1104,0.4654,6.4268,3.4715,3
106,40.0333,40.0333,39.1667,1.0221,6,5,0.0323,0.4127,1.6552,0.1577,0.2767,6.3761,3.6112,3
107,40.0000,39.8000,35.5667,1.1246,8,7,0.0731,0.2492,0.8649,0.1000,0.2297,2.0094,2.9736,3
108,40.0333,39.6333,38.9333,1.0283,4,3,0.0188,0.2231,0.9267,0.1501,0.4084,3.0244,3.8262,3
109,40.0333,40.0333,38.8333,1.0309,6,5,0.0335,0.2458,0.3304,0.0921,0.2161,9.8037,8.1177,3
110,40.0333,39.3667,36.2667,1.1039,11,10,0.0744,0.3612,0.8188,0.1221,0.3442,2.5537,2.1798,3
111,40.0333,38.0667,36.4333,1.0988,6,5,0.0357,0.2190,0.7298,0.1078,0.2198,2.2960,2.4472,3
112,40.0000,38.6667,36.6667,1.0909,10,9,0.0609,0.2250,0.8244,0.0806,0.2942,2.3938,2.0237,3
113,40.0333,38.8333,33.0333,1.2119,17,16,0.1393,0.3371,1.0892,0.1271,0.2769,5.7912,5.6937,3
114,40.0333,40.0333,36.5000,1.0968,13,12,0.0959,0.2854,1.0505,0.0856,0.2541,2.2688,2.2249,3
115,40.0333,40.0333,36.7667,1.0888,12,11,0.0807,0.3718,0.8463,0.1110,0.2568,1.9366,2.0239,3
116,40.0333,40.0333,38.0333,1.0526,9,8,0.0543,0.1438,0.4441,0.0888,0.2002,2.8491,4.1578,3
117,40.0000,38.1333,36.7667,1.0879,6,5,0.0363,0.2392,0.8492,0.1178,0.2510,2.7488,2.3805,3
118,40.0000,39.9333,37.7667,1.0591,7,6,0.0485,0.1833,0.5094,0.0878,0.2684,3.0058,2.6823,3
119,40.0000,40.0000,38.5667,1.0372,8,7,0.0406,0.1355,0.8022,0.0980,0.2323,2.8008,2.3848,3
120,40.0333,36.9667,30.5000,1.3126,11,10,0.1333,0.2649,0.9284,0.0968,0.2403,4.6303,3.2875,3
121,40.0000,39.2000,35.3000,1.1331,14,13,0.1161,0.2594,0.6249,0.0909,0.2332,5.5213,5.2273,3
122,40.0000,40.0000,35.3667,1.1310,18,17,0.1320,0.3153,0.7570,0.1094,0.2477,1.9251,2.1030,3
123,40.0333,33.8333,31.3333,1.2777,11,10,0.0830,0.1828,0.6652,0.0801,0.2231,1.7168,1.6722,3
124,40.0000,40.0000,35.7333,1.1194,16,15,0.1259,0.3423,0.7164,0.1310,0.2664,4.3352,2.6961,3
125,40.0333,38.3667,34.6667,1.1548,15,14,0.1279,0.2991,1.0517,0.1153,0.2227,1.4735,1.6349,3
126,40.0333,37.1333,33.2000,1.2058,12,11,0.1074,0.2953,0.7400,0.1143,0.2686,4.0679,2.8482,3
127,40.0000,38.0667,35.5333,1.1257,9,8,0.0675,0.1804,0.7325,0.0897,0.2265,1.9362,1.6022,3
128,40.0333,37.9333,32.1000,1.2471,14,13,0.1391,0.3403,0.6429,0.1008,0.2151,2.5244,3.3284,3
129,40.0000,39.5333,33.0667,1.2097,19,18,0.1673,0.2750,0.5799,0.1143,0.2552,1.5340,1.4701,3
130,40.0333,38.9667,30.2333,1.3241,17,16,0.2084,0.2834,1.0856,0.1019,0.1821,1.4813,1.4382,3
131,40.0000,38.7667,31.5333,1.2685,20,19,0.1945,0.3652,0.9103,0.1007,0.2395,1.3705,1.3889,3
132,40.0333,40.0000,33.7667,1.1856,18,17,0.1441,0.2934,0.8832,0.0847,0.2372,1.3276,1.5850,3
133,40.0333,36.9333,31.0000,1.2914,15,14,0.1559,0.3133,0.6575,0.1007,0.2543,1.2946,1.4492,3
134,40.0000,40.0000,33.8000,1.1834,22,21,0.1716,0.3182,1.1637,0.1036,0.2907,4.2687,3.0470,3
135,40.0000,40.0000,33.4333,1.1964,20,19,0.1765,0.2555,1.0196,0.0976,0.2601,1.4561,1.5990,3
136,40.0000,36.5667,32.1667,1.2435,17,16,0.1420,0.2526,0.8496,0.0960,0.2402,1.7200,1.7667,3
137,40.0000,37.6333,31.9667,1.2513,17,16,0.1470,0.3821,0.9597,0.0984,0.3090,1.5728,1.7057,3
138,40.0000,39.6667,34.4333,1.1617,17,16,0.1471,0.2496,0.8171,0.0946,0.1997,3.3929,2.3516,3
139,40.0333,40.0333,36.4667,1.0978,12,11,0.0932,0.2639,0.9654,0.1079,0.2663,1.5543,1.6830,3
140,40.0333,38.7000,33.9333,1.1798,14,13,0.1189,0.2608,0.6808,0.1182,0.2596,1.4261,1.4645,3
141,40.0000,40.0000,34.4667,1.1605,17,16,0.1393,0.3347,0.8198,0.1269,0.2858,2.3928,3.3495,3
142,40.0000,39.3667,35.3667,1.1310,8,7,0.0839,0.2264,0.7608,0.1056,0.1947,2.4065,2.2922,3
143,40.0333,40.0333,35.1000,1.1406,12,11,0.1026,0.2575,0.7859,0.1018,0.2743,5.6216,3.0308,3
144,40.0333,39.0333,35.8667,1.1162,11,10,0.0827,0.2257,1.0106,0.1071,0.2045,2.3105,1.8951,3
145,40.0000,40.0000,36.1000,1.1080,13,12,0.0979,0.3247,1.0402,0.1248,0.2634,2.2986,2.4461,3
146,40.0333,40.0333,35.3000,1.1341,15,14,0.1209,0.4022,0.7948,0.1031,0.2623,5.7401,3.5974,3
147,40.0333,39.6667,34.9667,1.1449,14,13,0.1134,0.3218,0.6712,0.1180,0.3025,1.6208,1.5839,3
148,40.0333,38.6667,33.7000,1.1879,14,13,0.1029,0.1688,0.6650,0.0868,0.2214,1.9860,2.1584,3
149,40.0000,40.0000,34.8333,1.1483,15,14,0.1196,0.2884,0.9341,0.0728,0.2210,2.4845,2.5078,3
150,40.0333,36.6333,32.7333,1.2230,12,11,0.1018,0.1651,0.6430,0.1021,0.2548,2.4251,1.9812,3
151,40.0333,40.0333,31.0667,1.2886,21,20,0.2167,0.3311,0.9058,0.1358,0.2544,3.2166,1.9963,3
152,40.0333,39.9333,37.6333,1.0638,11,10,0.0709,0.3551,0.9900,0.1763,0.3848,3.5432,2.9062,3
153,40.0333,39.2333,34.9000,1.1471,9,8,0.0907,0.2802,0.7781,0.1176,0.1783,3.8583,2.8860,3
154,40.0333,40.0333,38.4333,1.0416,7,6,0.0460,0.4673,1.2478,0.1345,0.2343,4.5371,2.7057,3
155,40.0333,39.8000,36.7667,1.0888,12,11,0.0843,0.2858,0.7874,0.1059,0.2488,2.9992,3.3235,3
156,40.0333,39.6333,33.3000,1.2022,16,15,0.1391,0.2423,0.5842,0.1025,0.1862,2.4769,2.1319,3
157,40.0000,40.0000,36.7000,1.0899,12,11,0.0890,0.3279,0.8774,0.1238,0.3164,7.1612,3.4823,3
158,40.0333,38.6667,36.6000,1.0938,10,9,0.0747,0.3142,0.8939,0.1726,0.2484,2.0616,2.0343,3
159,40.0333,39.4000,35.5000,1.1277,14,13,0.1155,0.3278,0.8363,0.1785,0.2749,1.7314,1.9969,3
160,40.0333,38.0667,35.7667,1.1193,9,8,0.0587,0.2165,0.5220,0.0662,0.2276,4.1656,2.5719,3
161,40.0333,40.0333,37.1333,1.0781,13,12,0.0808,0.2441,1.0421,0.1251,0.3016,1.7238,1.7084,3
162,40.0333,39.8333,35.7667,1.1193,11,10,0.0839,0.2196,0.6644,0.1095,0.2829,2.6507,2.1414,3
163,40.0333,35.2000,32.0667,1.2484,11,10,0.1019,0.2858,0.5377,0.1458,0.2073,3.9025,2.8660,3
164,40.0333,38.6333,34.9667,1.1449,12,11,0.0944,0.2641,0.6819,0.0893,0.2581,3.2553,2.7735,3
165,40.0000,35.8000,31.7667,1.2592,11,10,0.1007,0.1817,0.9957,0.0871,0.2142,2.2533,2.1081,3
166,40.0000,35.4667,32.3333,1.2371,12,11,0.0959,0.1891,0.6398,0.0886,0.2105,2.2813,2.1070,3
167,40.0000,38.5000,34.5000,1.1594,16,15,0.1304,0.2364,0.6854,0.0863,0.2019,2.3618,2.2676,3
168,40.0333,34.3667,31.6667,1.2642,13,12,0.1000,0.3117,1.0092,0.0870,0.2261,3.8978,2.4124,3
169,40.0000,40.0000,35.6667,1.1215,18,17,0.1290,0.2472,0.6536,0.0958,0.2054,3.3027,2.0687,3
170,27.2667,27.1000,24.7333,1.1024,7,6,0.0849,0.2859,0.7575,0.1798,0.2918,5.5023,4.5856,3
171,40.0000,39.3667,37.1333,1.0772,9,8,0.0637,0.2990,0.5986,0.1036,0.2397,2.9020,2.1565,3
172,40.0333,40.0333,36.2000,1.1059,14,13,0.1041,0.3734,1.6090,0.1223,0.2702,7.1602,3.8276,3
173,40.0000,39.0667,33.5333,1.1928,11,10,0.1332,0.2992,0.5944,0.1555,0.2079,2.4332,2.2693,3
174,40.0333,39.2000,34.0000,1.1775,11,10,0.1069,0.3366,0.7107,0.1436,0.2735,2.6950,2.4060,3
175,40.0000,38.3667,34.3667,1.1639,12,11,0.1077,0.2411,0.7167,0.1294,0.2588,7.9802,4.7571,3
176,40.0333,40.0000,34.6667,1.1548,13,12,0.1250,0.2894,0.7387,0.1384,0.2161,5.8265,2.8996,3
177,40.0000,40.0000,35.4333,1.1289,11,10,0.1110,0.2791,0.6972,0.1258,0.2681,7.5039,3.9545,3
178,40.0333,39.1333,33.0333,1.2119,11,10,0.1029,0.1967,0.6383,0.0849,0.1904,2.4399,2.1066,3
179,40.0333,40.0333,35.5667,1.1256,14,13,0.1078,0.2078,0.5673,0.0994,0.2434,8.1938,3.8340,3
180,40.0000,38.9333,31.8333,1.2565,16,15,0.1686,0.3150,0.7644,0.1336,0.2544,1.3909,1.3912,3
181,40.0000,40.0000,35.3000,1.1331,14,13,0.1209,0.3168,0.7954,0.1028,0.2477,1.2369,1.3569,3
182,40.0000,39.7333,33.5000,1.1940,18,17,0.1522,0.2019,0.6942,0.1134,0.2262,1.2421,1.4575,3
183,40.0333,38.5000,33.9333,1.1798,13,12,0.1159,0.2617,0.8947,0.1092,0.2584,1.4683,1.8164,3
184,40.0000,39.1667,33.7333,1.1858,17,16,0.1443,0.2622,0.7407,0.1083,0.2631,1.6564,1.6019,3
185,40.0000,37.5000,34.0667,1.1742,12,11,0.0949,0.2325,0.7254,0.0830,0.2705,1.8147,1.8817,3
186,40.0000,38.5333,34.5667,1.1572,16,15,0.1196,0.2529,0.8033,0.1095,0.2438,1.3097,1.3552,3
187,40.0333,39.1333,35.7667,1.1193,13,12,0.1016,0.2759,0.5773,0.0927,0.1952,3.2450,1.8522,3
188,40.0333,39.1333,34.4333,1.1626,19,18,0.1530,0.3255,0.7021,0.1061,0.2485,1.5233,1.6352,3
189,40.0333,38.9667,34.5333,1.1593,15,14,0.1149,0.3226,0.7233,0.0917,0.2123,1.9073,1.8858,3
190,40.0333,39.2333,34.9333,1.1460,19,18,0.1422,0.2046,0.8251,0.0951,0.2454,2.2099,1.9584,3
191,40.0333,39.8333,34.6333,1.1559,15,14,0.1319,0.3149,1.1518,0.0938,0.3099,6.0910,3.5038,3
192,40.0000,39.6333,35.3333,1.1321,11,10,0.0840,0.2569,0.8441,0.1115,0.2257,4.2463,3.3145,3
193,40.0333,40.0333,37.2000,1.0762,9,8,0.0681,0.2812,0.6659,0.0766,0.2520,2.7891,2.6204,3
194,40.0000,40.0000,36.7000,1.0899,9,8,0.0799,0.3099,1.2574,0.1906,0.2675,2.1550,2.0635,3
195,40.0000,39.1333,32.8667,1.2170,17,16,0.1420,0.1989,0.7937,0.0699,0.2523,5.0023,3.0122,3
196,40.0333,40.0333,34.3667,1.1649,15,14,0.1329,0.2810,0.6495,0.1356,0.2356,1.9866,1.7102,3
197,40.0000,39.2333,36.2000,1.1050,13,12,0.0967,0.2418,0.7295,0.1003,0.1909,1.7381,1.8571,3
198,40.0333,40.0333,36.9000,1.0849,17,16,0.1210,0.2825,0.8043,0.1094,0.2804,1.4652,1.4812,3
199,40.0000,40.0000,36.2000,1.1050,14,13,0.1142,0.2234,0.7737,0.1303,0.2096,2.2527,2.0681,3
200,40.0000,40.0000,33.5333,1.1928,17,16,0.1590,0.3082,0.7337,0.1040,0.2213,3.2624,2.8909,3
201,40.0333,40.0333,35.7667,1.1193,17,16,0.1240,0.3099,0.9024,0.0859,0.2732,5.7627,2.8973,3
202,40.0333,39.0667,36.2000,1.1059,12,11,0.0856,0.2754,0.9655,0.1324,0.3121,2.2956,1.9600,3
203,40.0333,39.8000,36.7667,1.0888,19,18,0.1387,0.3021,1.1287,0.0902,0.2614,2.0688,1.8740,3
204,40.0333,38.8667,36.0667,1.1100,11,10,0.0684,0.2284,0.6668,0.1055,0.3142,2.7520,2.1204,3
205,40.0333,39.3000,36.9000,1.0849,11,10,0.0714,0.2587,1.0463,0.0850,0.2997,3.3686,3.7133,3
206,40.0000,38.8000,33.3667,1.1988,18,17,0.1469,0.3696,0.7999,0.1288,0.2597,1.8181,1.7191,3
207,40.0333,37.2333,32.5667,1.2293,11,10,0.1064,0.2727,0.7505,0.0986,0.2356,2.4046,2.0392,3
208,40.0000,40.0000,34.4667,1.1605,17,16,0.1373,0.2009,0.7987,0.1230,0.2567,1.7893,1.5003,3
209,40.0333,39.7667,34.9000,1.1471,17,16,0.1366,0.2723,0.7807,0.1046,0.2291,3.2644,2.6695,3
210,40.0333,40.0333,33.8333,1.1833,17,16,0.1468,0.1891,0.8445,0.1004,0.1911,1.7688,1.7200,3
211,40.0000,34.5000,29.5333,1.3544,19,18,0.1975,0.4052,1.6610,0.1740,0.2852,2.3977,1.9667,3
212,40.0333,40.0333,35.2667,1.1352,17,16,0.1285,0.2633,0.8217,0.0893,0.2713,2.1803,1.4671,3
213,40.0000,40.0000,36.2333,1.1040,14,13,0.0948,0.2607,0.8198,0.1118,0.2861,2.6126,2.5869,3
214,40.0333,40.0333,36.1000,1.1090,17,16,0.1256,0.2413,0.6953,0.0771,0.2557,2.3019,2.0358,3
215,40.0333,34.7000,31.4667,1.2722,12,11,0.1049,0.2248,0.5660,0.0800,0.1760,1.5177,1.7510,3
216,40.0333,39.4333,34.4667,1.1615,16,15,0.1267,0.2330,0.9179,0.0966,0.2563,2.0541,3.2756,3
217,40.0000,38.7000,35.2333,1.1353,13,12,0.0984,0.2982,0.9841,0.1216,0.2274,3.3390,3.1991,3
218,40.0000,38.8000,35.8000,1.1173,12,11,0.0838,0.7888,2.1621,0.0988,0.1841,5.0262,3.5554,3
219,40.0333,35.8667,33.3333,1.2010,10,9,0.0650,0.2204,0.9372,0.0844,0.2213,6.7714,5.5275,3
220,40.0333,38.5000,35.0333,1.1427,13,12,0.0942,0.2807,0.6605,0.0848,0.2206,2.2173,2.1782,3
221,40.0333,38.6333,34.0333,1.1763,15,14,0.1312,0.2102,0.7074,0.0787,0.2083,1.5146,1.4959,3
222,40.0333,40.0333,37.0667,1.0800,13,12,0.0881,0.3292,0.8512,0.0968,0.3228,2.4136,3.2022,3
223,40.0000,40.0000,34.3333,1.1650,15,14,0.1311,0.2259,0.7628,0.0821,0.1984,1.6023,2.1513,3
224,40.0000,40.0000,35.3000,1.1331,16,15,0.1246,0.3349,0.7997,0.0928,0.2988,2.4817,2.9952,3
225,40.0333,38.6667,34.7667,1.1515,17,16,0.1266,0.3766,0.8574,0.1057,0.3267,2.3979,2.2462,3
226,40.0333,39.5333,32.5000,1.2318,20,19,0.1867,0.1929,1.1457,0.0832,0.2524,2.3391,1.8582,3
227,40.0333,39.7333,34.9667,1.1449,13,12,0.1096,0.3310,0.8411,0.0792,0.2529,1.5871,2.4604,3
228,40.0000,39.2667,36.2333,1.1040,10,9,0.0699,0.2702,0.8980,0.1036,0.2145,3.1715,4.3826,3
229,40.0333,38.7667,35.8667,1.1162,12,11,0.0809,0.2032,0.6952,0.1005,0.3264,2.1676,2.0796,3
230,40.0333,40.0333,38.5667,1.0380,8,7,0.0501,0.2745,0.9891,0.1888,0.3377,7.7361,4.3201,3
231,40.0333,38.6333,35.7667,1.1193,14,13,0.1034,0.2844,0.7611,0.1106,0.2728,9.0108,4.1084,3
232,40.0000,39.9667,37.3667,1.0705,9,8,0.0526,0.2201,0.4906,0.1025,0.2124,2.1084,3.4094,3
233,40.0333,37.2667,33.1000,1.2095,11,10,0.0906,0.3202,0.7444,0.0897,0.2118,2.5315,3.6890,3
234,40.0000,38.9333,34.4000,1.1628,18,17,0.1473,0.3346,1.2511,0.1169,0.2768,4.5728,2.5910,3
235,40.0333,39.4667,36.2667,1.1039,14,13,0.1094,0.3106,1.0016,0.1034,0.2664,2.3737,2.2815,3
236,40.0333,38.6333,34.6667,1.1548,12,11,0.1038,0.2810,0.5467,0.1190,0.2480,1.7016,1.8971,3
237,40.0333,36.5000,32.3333,1.2381,17,16,0.1330,0.3115,0.6865,0.1151,0.2431,1.6447,2.2722,3
238,40.0000,38.9333,34.2667,1.1673,16,15,0.1362,0.2655,0.6689,0.0952,0.2056,1.4581,1.5654,3
239,40.0333,37.5000,35.1333,1.1395,10,9,0.0693,0.3157,0.6597,0.1099,0.2447,6.9105,3.6174,3
240,40.0333,39.3333,36.4333,1.0988,14,13,0.1089,0.3097,0.9302,0.1157,0.3023,2.8485,1.8364,3
241,40.0333,37.1000,34.7333,1.1526,10,9,0.0739,0.3214,0.7926,0.0963,0.2347,1.9110,1.3460,3
242,40.0333,39.7333,37.2667,1.0742,9,8,0.0572,0.2709,1.0957,0.0838,0.2696,4.9279,2.8729,3
243,40.0333,37.7333,32.3333,1.2381,19,18,0.1567,0.2533,0.6949,0.1114,0.2219,1.9698,1.9521,3
244,40.0333,39.1333,35.6000,1.1245,15,14,0.1114,0.3152,0.6989,0.0916,0.2567,2.4403,2.1073,3
245,40.0000,38.7000,33.4333,1.1964,19,18,0.1635,0.3604,0.7379,0.1269,0.2874,1.2695,1.3454,3
246,40.0333,38.8333,32.7000,1.2243,17,16,0.1570,0.2784,0.7536,0.0993,0.2485,1.2469,1.2905,3
247,40.0000,38.7000,32.0000,1.2500,13,12,0.1302,0.3095,1.2546,0.1014,0.2930,1.7160,1.7101,3
248,40.0000,38.2333,36.6667,1.0909,7,6,0.0455,0.3222,0.9454,0.1424,0.2899,5.9384,3.5109,3
249,40.0333,39.8667,37.7667,1.0600,11,10,0.0794,0.2516,1.1850,0.1187,0.3048,5.5187,2.9392,3
250,40.0333,38.8333,35.4667,1.1288,10,9,0.0799,0.2024,0.7891,0.0776,0.2366,2.5324,2.3344,3
251,40.0333,40.0333,33.6667,1.1891,9,8,0.1000,0.1925,0.6867,0.0866,0.2029,2.4227,1.9762,3
252,40.0000,39.6000,36.1333,1.1070,9,8,0.0738,0.2537,0.9570,0.1056,0.1769,1.5457,1.6973,3
253,40.0333,40.0333,37.2333,1.0752,13,12,0.0824,0.1905,0.8053,0.0870,0.2115,1.8001,1.8653,3
254,40.0333,39.8333,37.8000,1.0591,8,7,0.0529,0.4043,0.7173,0.1681,0.3495,5.2716,2.9998,3
255,40.0333,37.7333,35.1000,1.1406,11,10,0.0760,0.2117,0.7352,0.1580,0.2718,1.9696,1.8904,3
256,40.0333,40.0333,39.0000,1.0265,8,7,0.0402,0.2179,0.9037,0.0767,0.2349,3.3878,1.9621,3
257,40.0000,39.9000,35.8000,1.1173,12,11,0.0912,0.3046,0.7111,0.0757,0.2270,2.5082,2.0672,3
258,40.0000,38.8667,33.2333,1.2036,21,20,0.1575,0.2936,0.9165,0.1195,0.2978,2.7281,2.3015,3
259,40.0333,39.1000,35.7667,1.1193,14,13,0.0923,0.2520,0.8838,0.0751,0.2526,1.2192,1.2958,3
260,40.0333,39.8667,34.7000,1.1537,20,19,0.1595,0.3616,0.6962,0.1508,0.2356,1.3731,1.1619,3
261,40.0333,40.0333,34.6333,1.1559,19,18,0.1376,0.2209,0.6949,0.0929,0.2277,1.9704,2.5538,3
262,40.0333,39.0333,35.7667,1.1193,11,10,0.0764,0.3861,1.3593,0.1815,0.3828,4.4728,2.4658,3
263,40.0333,39.7667,36.0333,1.1110,16,15,0.1092,0.3479,0.8799,0.1076,0.3359,2.2578,1.8687,3
264,40.0333,40.0333,31.6667,1.2642,19,18,0.1853,0.3379,0.7831,0.1251,0.2264,2.4363,1.6005,3
265,40.0333,39.2667,34.2000,1.1706,21,20,0.1569,0.4147,1.7063,0.1383,0.2877,4.6830,3.1283,3
266,40.0333,40.0333,33.1667,1.2070,17,16,0.1558,0.2725,0.6401,0.0887,0.2136,1.6731,2.4138,3
267,40.0333,35.9333,30.8000,1.2998,13,12,0.1223,0.3036,0.4767,0.1002,0.2577,3.3113,4.1074,3
268,40.0333,38.9667,34.2000,1.1706,14,13,0.1209,0.2681,0.8218,0.0905,0.2628,2.5628,1.7630,3
269,40.0333,40.0333,35.3000,1.1341,20,19,0.1615,0.2994,0.6765,0.0949,0.2219,3.6306,2.2263,3
270,40.0333,40.0333,33.0000,1.2131,23,22,0.1869,0.2702,1.1010,0.1079,0.2342,2.1063,2.0947,3
271,40.0333,38.1667,34.1000,1.1740,14,13,0.1017,0.2025,0.6234,0.0992,0.2430,2.6523,2.4805,3
272,40.0000,39.1333,35.2667,1.1342,17,16,0.1134,0.3494,0.7883,0.1318,0.3290,1.7499,1.4833,3
273,40.0000,35.8667,30.5667,1.3086,16,15,0.1483,0.2915,0.8089,0.1325,0.2925,2.4420,2.2097,3
274,40.0333,40.0333,35.8333,1.1172,14,13,0.1200,0.3171,0.9592,0.1063,0.2485,1.5340,1.7375,3
275,40.0000,39.3667,36.6000,1.0929,14,13,0.0883,0.6030,1.7175,0.0894,0.2109,5.8703,3.2671,3
276,40.0333,38.7000,33.1333,1.2082,21,20,0.1660,0.2857,0.7509,0.1340,0.2779,1.7463,1.5414,3
277,40.0000,38.4333,35.2667,1.1342,15,14,0.0964,0.2443,0.9098,0.0711,0.3106,2.3671,1.9956,3
278,40.0333,38.4667,33.0667,1.2107,16,15,0.1431,0.2689,0.9235,0.1331,0.2401,2.4688,2.2714,3
279,40.0000,38.2667,32.4333,1.2333,14,13,0.1254,0.2442,0.7818,0.0874,0.2312,1.1505,1.1838,3
280,40.0333,39.2333,35.6667,1.1224,14,13,0.1084,0.3261,0.8211,0.1734,0.2855,2.6958,2.4628,3
281,40.0000,38.7667,33.9667,1.1776,19,18,0.1443,0.5709,2.0265,0.0748,0.2237,2.2293,2.3572,3
282,40.0000,36.3333,32.5667,1.2282,14,13,0.1105,0.2652,0.9169,0.1133,0.2343,1.2033,1.2789,3
283,40.0333,38.1667,33.9000,1.1809,15,14,0.1101,0.1878,0.7115,0.1002,0.2642,2.2392,1.8335,3
284,40.0333,40.0000,34.0000,1.1775,16,15,0.1471,0.3051,1.1025,0.1373,0.2672,1.6793,2.2154,3
285,40.0000,37.7000,34.2333,1.1685,16,15,0.1149,0.1600,0.6628,0.0813,0.2331,2.3431,2.1134,3
286,40.0000,39.8333,35.2667,1.1342,16,15,0.1248,0.2807,0.6546,0.0989,0.2310,1.7324,1.6519,3
287,40.0000,38.9333,35.0667,1.1407,15,14,0.0979,0.4623,1.2746,0.1164,0.3062,2.0928,1.9643,3
288,40.0000,38.7000,32.4667,1.2320,15,14,0.1458,0.2894,0.6537,0.1057,0.2136,1.1681,1.2411,3
289,40.0000,37.3000,32.8333,1.2183,16,15,0.1279,0.3124,0.5987,0.1491,0.2690,2.2974,2.4227,3
290,40.0333,37.5000,33.3333,1.2010,16,15,0.1350,0.2248,0.8014,0.1031,0.2686,2.0756,2.7054,3
291,40.0333,39.0667,32.5333,1.2305,15,14,0.1527,0.2729,0.7048,0.0725,0.2066,1.9487,1.9067,3
292,40.0000,39.5000,35.8667,1.1152,15,14,0.1013,0.3308,1.2218,0.1021,0.3139,1.8766,1.8792,3
293,40.0333,37.5667,34.3667,1.1649,12,11,0.0970,0.3899,0.7175,0.1697,0.2956,2.7962,3.3325,3
294,40.0333,40.0333,32.4000,1.2356,18,17,0.1780,0.3510,1.1555,0.1115,0.2244,1.3392,1.4416,3
295,40.0333,39.3333,34.6000,1.1570,17,16,0.1358,0.2443,0.6158,0.1285,0.2239,2.6812,2.3486,3
296,40.0000,36.6000,31.2333,1.2807,18,17,0.1686,0.3227,0.6147,0.1362,0.2118,2.9457,2.3036,3
297,40.0000,38.6000,34.7667,1.1505,14,13,0.1160,0.2753,0.7002,0.1182,0.2470,1.5866,1.7746,3
298,40.0333,38.5333,34.3333,1.1660,16,15,0.1223,0.2716,0.7615,0.1174,0.2331,1.3633,1.5137,3
299,40.0333,39.4333,34.8000,1.1504,16,15,0.1274,0.2734,0.6692,0.1074,0.2238,2.3180,2.4116,3
300,40.0333,37.0000,33.9333,1.1798,15,14,0.1100,0.2904,0.7038,0.1637,0.2815,2.1187,1.7889,3
301,40.0333,38.6333,32.8000,1.2205,16,15,0.1362,0.2758,0.9354,0.1095,0.2664,1.8691,1.4490,3
302,40.0000,36.9667,32.5333,1.2295,16,15,0.1311,0.2254,0.5371,0.1181,0.2193,1.4030,1.6872,3
303,40.0000,38.2000,36.2667,1.1029,10,9,0.0643,0.2393,0.7382,0.1129,0.2335,1.3914,1.2419,3
304,40.0333,36.1667,32.7333,1.2230,15,14,0.1130,0.2607,0.6949,0.0885,0.2078,1.7861,2.5440,3
305,40.0333,37.9000,33.3333,1.2010,14,13,0.1280,0.3122,0.7557,0.1287,0.2491,1.7037,1.4700,3
306,40.0333,35.0667,31.8333,1.2576,15,14,0.1298,0.3626,0.5857,0.0988,0.2343,1.9785,2.1767,3
307,40.0000,40.0000,37.1333,1.0772,8,7,0.0646,0.3113,1.1812,0.0998,0.2586,2.9346,2.8044,3
308,40.0333,35.0000,29.7000,1.3479,10,9,0.0988,0.3153,1.1648,0.0691,0.2461,3.3359,4.4665,3
309,40.0333,39.0333,34.0000,1.1775,9,8,0.0912,0.2846,0.9026,0.1338,0.2696,5.0329,5.9244,3
310,40.0333,38.2667,36.9333,1.0839,8,7,0.0514,0.2202,1.1167,0.1304,0.2957,2.0625,3.1646,3
311,40.0000,40.0000,38.4333,1.0408,9,8,0.0546,0.2773,1.0832,0.1173,0.3082,2.9825,3.8939,3
312,40.0000,38.7667,33.4333,1.1964,7,6,0.0997,0.2147,0.5835,0.1318,0.2198,2.1327,2.8087,3
313,40.0000,37.8667,33.8667,1.1811,11,10,0.0856,0.1885,0.8934,0.0880,0.2309,2.5716,3.5916,3
314,40.0000,39.2000,35.2333,1.1353,10,9,0.0842,0.2804,1.0772,0.0938,0.2350,2.1255,2.1806,3
315,40.0000,39.7667,34.1667,1.1707,11,10,0.1005,0.2090,1.4053,0.0909,0.2212,7.3582,4.1504,3
316,40.0333,34.5667,32.2333,1.2420,10,9,0.0714,0.2001,0.9921,0.1091,0.2301,2.0501,1.9633,3
317,40.0000,38.5667,32.3667,1.2358,19,18,0.1802,0.3601,0.8649,0.1502,0.2462,1.5394,1.4219,3
318,40.0333,40.0000,35.6333,1.1235,14,13,0.1029,0.3514,0.6211,0.0849,0.2700,2.2235,1.9659,3
319,40.0333,39.9333,35.5000,1.1277,18,17,0.1277,0.3810,1.3861,0.0778,0.2878,5.5032,2.6607,3
320,40.0333,38.7667,31.4000,1.2749,14,13,0.1507,0.3970,1.5950,0.0758,0.2194,2.6520,2.5077,3
321,40.0000,37.2000,32.6333,1.2257,15,14,0.1318,0.3683,0.7997,0.1161,0.2514,4.7502,2.8452,3
322,40.0333,38.8667,34.0667,1.1751,18,17,0.1526,0.2827,0.8353,0.1252,0.2371,1.3616,1.4485,3
323,40.0000,39.9667,35.9333,1.1132,16,15,0.1224,0.2834,0.6365,0.0780,0.2263,1.5214,1.4897,3
324,40.0000,35.5000,31.5000,1.2698,17,16,0.1407,0.2892,0.8476,0.0906,0.2193,1.4204,1.2688,3
325,40.0333,40.0333,33.6333,1.1903,11,10,0.1041,0.3136,1.1864,0.1111,0.2452,7.4711,3.5688,3
326,40.0000,34.7667,31.0000,1.2903,15,14,0.1323,0.3354,1.4035,0.1132,0.2658,4.0426,2.2860,3
327,40.0000,35.0333,32.6667,1.2245,11,10,0.0929,0.2984,0.5297,0.0621,0.1724,4.1231,2.4643,3
328,40.0333,38.8333,33.7333,1.1868,15,14,0.1393,0.3237,0.7191,0.1052,0.2419,2.0568,1.8033,3
329,40.0000,39.0333,34.7667,1.1505,17,16,0.1285,0.2173,1.0613,0.1143,0.2857,2.3034,1.7961,3
